name,brand,price,deal_price,final_price,description,image_thumbnail,sku,seller,stock,product_rating,fetched_at
JCO4 LAPTOP BATTERY,HP,24725,,,[object Object],/T/I/118566_1604505433.jpg,5000867,{'name': 'Konga'},"{'in_stock': True, 'quantity': 1}","{'quality': {'average': 0, 'number_of_ratings': 0}}",2025-11-11 19:49:08
Basilisk Gaming Mouse Classic Black,Razer,244000,,,[object Object],/R/U/57289_1727279653.jpg,6566278,{'name': 'YOMILINCON BRAND'},"{'in_stock': True, 'quantity': 20}","{'quality': {'average': 0, 'number_of_ratings': 0}}",2025-11-11 19:49:08
Ht03xl In-built Battery,HP,35075,,,[object Object],/S/H/118566_1618241664.jpg,5228829,{'name': 'Konga'},"{'in_stock': True, 'quantity': 2}","{'quality': {'average': 0, 'number_of_ratings': 0}}",2025-11-11 19:49:08
HP Big-Mouth Laptop Charger - 18.5V 3.5A,,10000,,,[object Object],/H/P/HP-Big-Mouth-Laptop-Charger---18-5V-3-5A-4367350.jpg,2353031,{'name': 'YOMILINCON BRAND'},"{'in_stock': True, 'quantity': 9}","{'quality': {'average': 4.5, 'number_of_ratings': 2}}",2025-11-11 19:49:08
Baseus Ultrajoy 5w1 5-port Hub docking station - Grey,,49000,,,[object Object],/F/Z/57289_1760001914.jpg,6861874,{'name': 'YOMILINCON BRAND'},"{'in_stock': True, 'quantity': 2}","{'quality': {'average': 0, 'number_of_ratings': 0}}",2025-11-11 19:49:08
Baseus Ultrajoy Series 7-port Usb C Docking Station – 4k@60hz Hdmi- 100w Pd- 1080p Vga ,,80000,,,[object Object],/W/K/57289_1759746143.jpg,6860173,{'name': 'YOMILINCON BRAND'},"{'in_stock': True, 'quantity': 2}","{'quality': {'average': 0, 'number_of_ratings': 0}}",2025-11-11 19:49:08
Baseus Hub 8 In 1 Usb C Hub Docking Station Adapter With 4k Hdmi For Ipad Pro,,90000,,,[object Object],/F/A/57289_1759747297.jpg,6860155,{'name': 'YOMILINCON BRAND'},"{'in_stock': True, 'quantity': 2}","{'quality': {'average': 0, 'number_of_ratings': 0}}",2025-11-11 19:49:08
Microsoft Arc Mouse - Platinum,,220000,,,[object Object],/P/X/57289_1757502114.jpg,6839757,{'name': 'YOMILINCON BRAND'},"{'in_stock': True, 'quantity': 1}","{'quality': {'average': 0, 'number_of_ratings': 0}}",2025-11-11 19:49:08
Maxell Laptop Mic - Black,,13000,,,[object Object],/K/Q/57289_1757437240.jpg,6838960,{'name': 'YOMILINCON BRAND'},"{'in_stock': True, 'quantity': 1}","{'quality': {'average': 0, 'number_of_ratings': 0}}",2025-11-11 19:49:08
Apple 2024 Magic Mouse - Multi-touch Surface - Usb-c - Black,,260000,,,[object Object],/Y/B/57289_1756806101.jpg,6832811,{'name': 'YOMILINCON BRAND'},"{'in_stock': True, 'quantity': 5}","{'quality': {'average': 0, 'number_of_ratings': 0}}",2025-11-11 19:49:08
G502 X Lightspeed Wireless Gaming Mouse,Logitech,280000,,,[object Object],/G/K/57289_1755698234.jpg,6821997,{'name': 'YOMILINCON BRAND'},"{'in_stock': True, 'quantity': 5}","{'quality': {'average': 0, 'number_of_ratings': 0}}",2025-11-11 19:49:08
2024 Magic Mouse - Multi-touch Surface - Usb-c - White,,190000,,,[object Object],/C/Q/57289_1754927194.jpg,6815170,{'name': 'YOMILINCON BRAND'},"{'in_stock': True, 'quantity': 2}","{'quality': {'average': 0, 'number_of_ratings': 0}}",2025-11-11 19:49:08
Hp K200 Wired Keyboard,,29900,,,[object Object],/R/I/57289_1754131802.jpg,6807059,{'name': 'YOMILINCON BRAND'},"{'in_stock': True, 'quantity': 19}","{'quality': {'average': 0, 'number_of_ratings': 0}}",2025-11-11 19:49:08
Logitech Wireless Keyboard & Mouse Combo-mk235,,52500,,,[object Object],/O/A/57289_1754131490.jpg,6807058,{'name': 'YOMILINCON BRAND'},"{'in_stock': True, 'quantity': 20}","{'quality': {'average': 0, 'number_of_ratings': 0}}",2025-11-11 19:49:08
Hp Wireless Keyboard And Mouse Combo - Cs10,,52500,,,[object Object],/A/J/57289_1754131134.jpg,6807055,{'name': 'YOMILINCON BRAND'},"{'in_stock': True, 'quantity': 20}","{'quality': {'average': 0, 'number_of_ratings': 0}}",2025-11-11 19:49:08
 Atheris Wireless Mouse,Razer,255000,,,[object Object],/B/V/57289_1753720934.jpg,6804247,{'name': 'YOMILINCON BRAND'},"{'in_stock': True, 'quantity': 20}","{'quality': {'average': 0, 'number_of_ratings': 0}}",2025-11-11 19:49:08
 Naga Pro Wireless Gaming Mouse - Black,Razer,340000,,,[object Object],/Q/U/57289_1753720648.jpg,6804244,{'name': 'YOMILINCON BRAND'},"{'in_stock': True, 'quantity': 20}","{'quality': {'average': 0, 'number_of_ratings': 0}}",2025-11-11 19:49:08
Sennheiser Pro Audio Portable Lavalier Wireless Set- Aw+ ew 512p G4,,550000,,,[object Object],/R/S/57289_1753451090.jpg,6802339,{'name': 'YOMILINCON BRAND'},"{'in_stock': True, 'quantity': 20}","{'quality': {'average': 0, 'number_of_ratings': 0}}",2025-11-11 19:49:08
Apple Magic Mouse - Wireless / Bluetooth /  Rechargeable ,Apple,245000,,,[object Object],/A/Q/57289_1753195591.jpg,6799336,{'name': 'YOMILINCON BRAND'},"{'in_stock': True, 'quantity': 20}","{'quality': {'average': 0, 'number_of_ratings': 0}}",2025-11-11 19:49:08
Porodo Gaming 2k 30fps Auto Focus Webcam With In-built Mic And Tripod,,95000,,,[object Object],/W/J/57289_1751631021.jpg,6785154,{'name': 'YOMILINCON BRAND'},"{'in_stock': True, 'quantity': 20}","{'quality': {'average': 0, 'number_of_ratings': 0}}",2025-11-11 19:49:08
Rechargeable Gaming Mouse - Black,,40000,,,[object Object],/U/Z/57289_1746887552.jpg,6742662,{'name': 'YOMILINCON BRAND'},"{'in_stock': True, 'quantity': 9}","{'quality': {'average': 0, 'number_of_ratings': 0}}",2025-11-11 19:49:08
Magic Keyboard With Touch Id- Wireless- Bluetooth- Rechargeable- Works With Mac PC,,420000,,,[object Object],/U/D/57289_1739612165.jpg,6671976,{'name': 'YOMILINCON BRAND'},"{'in_stock': True, 'quantity': 19}","{'quality': {'average': 0, 'number_of_ratings': 0}}",2025-11-11 19:49:08
Atheris Ambidextrous Wireless Mouse,Razer,254000,,,[object Object],/D/W/57289_1727278633.jpg,6566277,{'name': 'YOMILINCON BRAND'},"{'in_stock': True, 'quantity': 20}","{'quality': {'average': 0, 'number_of_ratings': 0}}",2025-11-11 19:49:08
Naga Pro Wireless Gaming Mouse - Black,Razer,339000,,,[object Object],/V/W/57289_1727278316.jpg,6566276,{'name': 'YOMILINCON BRAND'},"{'in_stock': True, 'quantity': 20}","{'quality': {'average': 0, 'number_of_ratings': 0}}",2025-11-11 19:49:08
H390 Wired Stereo Headset With Noise-cancelling Microphone,Logitech,64000,,,[object Object],/A/N/57289_1727282309.jpg,6565629,{'name': 'YOMILINCON BRAND'},"{'in_stock': True, 'quantity': 20}","{'quality': {'average': 0, 'number_of_ratings': 0}}",2025-11-11 19:49:08
Prodesk Adjustable Laptop Stand,Nillkin,60000,,,[object Object],/Q/O/57289_1671533896.jpg,6037430,{'name': 'YOMILINCON BRAND'},"{'in_stock': True, 'quantity': 14}","{'quality': {'average': 5, 'number_of_ratings': 1}}",2025-11-11 19:49:08
Ascent Stand For Laptops,Nillkin,17400,,,[object Object],/Q/M/57289_1671534398.jpg,6037417,{'name': 'YOMILINCON BRAND'},"{'in_stock': True, 'quantity': 20}","{'quality': {'average': 0, 'number_of_ratings': 0}}",2025-11-11 19:49:08
Powerology - 11 In 1 Usb-c Hub,,150000,,,[object Object],/J/J/57289_1670940117.jpg,5960973,{'name': 'YOMILINCON BRAND'},"{'in_stock': True, 'quantity': 20}","{'quality': {'average': 0, 'number_of_ratings': 0}}",2025-11-11 19:49:08
Certified Magic Mouse 2 - Space Gray,Apple,155000,,,[object Object],/P/B/57289_1649693122.jpg,5693202,{'name': 'YOMILINCON BRAND'},"{'in_stock': True, 'quantity': 20}","{'quality': {'average': 0, 'number_of_ratings': 0}}",2025-11-11 19:49:08
"Charger Adapter For 13"" MacBook Pros - 61w",Apple,115000,,,[object Object],/L/P/57289_1649772707.jpg,5692861,{'name': 'YOMILINCON BRAND'},"{'in_stock': True, 'quantity': 20}","{'quality': {'average': 0, 'number_of_ratings': 0}}",2025-11-11 19:49:08
Macbook Charger 85w,Apple,140000,,,[object Object],/F/I/57289_1649773442.jpg,5692860,{'name': 'YOMILINCON BRAND'},"{'in_stock': True, 'quantity': 20}","{'quality': {'average': 0, 'number_of_ratings': 0}}",2025-11-11 19:49:08
Mx Keys,Logitech,300000,,,[object Object],/O/U/57289_1637325218.jpg,5531664,{'name': 'YOMILINCON BRAND'},"{'in_stock': True, 'quantity': 1}","{'quality': {'average': 0, 'number_of_ratings': 0}}",2025-11-11 19:49:08
Card Reader Rdf9,Transcend,64000,,,[object Object],/S/Z/57289_1637252349.jpg,5531393,{'name': 'YOMILINCON BRAND'},"{'in_stock': True, 'quantity': 18}","{'quality': {'average': 0, 'number_of_ratings': 0}}",2025-11-11 19:49:08
Mx Master 3 Advanced Wireless Mouse,Logitech,300000,,,[object Object],/E/O/57289_1637251370.jpg,5530775,{'name': 'YOMILINCON BRAND'},"{'in_stock': True, 'quantity': 20}","{'quality': {'average': 0, 'number_of_ratings': 0}}",2025-11-11 19:49:08
Wireless Rechargable Magic Keyboard - Silver,Apple,265000,,,[object Object],/D/O/57289_1636974950.jpg,5528759,{'name': 'YOMILINCON BRAND'},"{'in_stock': True, 'quantity': 20}","{'quality': {'average': 0, 'number_of_ratings': 0}}",2025-11-11 19:49:08
Wireless Rechargable Magic Mouse  - Silver,Apple,210000,,,[object Object],/J/E/57289_1636973504.jpg,5528749,{'name': 'YOMILINCON BRAND'},"{'in_stock': True, 'quantity': 18}","{'quality': {'average': 0, 'number_of_ratings': 0}}",2025-11-11 19:49:08
60W Magsafe Power Adapter,Apple,127000,,,[object Object],/R/Y/57289_1636972886.jpg,5528748,{'name': 'YOMILINCON BRAND'},"{'in_stock': True, 'quantity': 20}","{'quality': {'average': 0, 'number_of_ratings': 0}}",2025-11-11 19:49:08
45W Magsafe 2 Power Adapter,Apple,124000,,,[object Object],/T/B/57289_1636972306.jpg,5528744,{'name': 'YOMILINCON BRAND'},"{'in_stock': True, 'quantity': 20}","{'quality': {'average': 0, 'number_of_ratings': 0}}",2025-11-11 19:49:08
Mini Display Port To Hdmi,,36200,,,[object Object],/U/W/57289_1637063766.jpg,5527693,{'name': 'YOMILINCON BRAND'},"{'in_stock': True, 'quantity': 17}","{'quality': {'average': 0, 'number_of_ratings': 0}}",2025-11-11 19:49:08
C270 Hd Webcam - Hd 720p - Widescreen Hd Video,Logitech,80000,,,[object Object],/D/B/57289_1636630808.jpg,5522604,{'name': 'YOMILINCON BRAND'},"{'in_stock': True, 'quantity': 17}","{'quality': {'average': 0, 'number_of_ratings': 0}}",2025-11-11 19:49:08
JCO4 LAPTOP BATTERY,HP,24725,,,[object Object],/T/I/118566_1604505433.jpg,5000867,{'name': 'Konga'},"{'in_stock': True, 'quantity': 1}","{'quality': {'average': 0, 'number_of_ratings': 0}}",2025-11-27 04:14:01
Basilisk Gaming Mouse Classic Black,Razer,244000,,,[object Object],/R/U/57289_1727279653.jpg,6566278,{'name': 'YOMILINCON BRAND'},"{'in_stock': True, 'quantity': 20}","{'quality': {'average': 0, 'number_of_ratings': 0}}",2025-11-27 04:14:01
Baseus Ultrajoy 5w1 5-port Hub docking station - Grey,,49000,,,[object Object],/F/Z/57289_1760001914.jpg,6861874,{'name': 'YOMILINCON BRAND'},"{'in_stock': True, 'quantity': 2}","{'quality': {'average': 0, 'number_of_ratings': 0}}",2025-11-27 04:14:01
Baseus Ultrajoy Series 7-port Usb C Docking Station – 4k@60hz Hdmi- 100w Pd- 1080p Vga ,,80000,,,[object Object],/W/K/57289_1759746143.jpg,6860173,{'name': 'YOMILINCON BRAND'},"{'in_stock': True, 'quantity': 2}","{'quality': {'average': 0, 'number_of_ratings': 0}}",2025-11-27 04:14:01
Baseus Hub 8 In 1 Usb C Hub Docking Station Adapter With 4k Hdmi For Ipad Pro,,90000,,,[object Object],/F/A/57289_1759747297.jpg,6860155,{'name': 'YOMILINCON BRAND'},"{'in_stock': True, 'quantity': 2}","{'quality': {'average': 0, 'number_of_ratings': 0}}",2025-11-27 04:14:01
Microsoft Arc Mouse - Platinum,,220000,,,[object Object],/P/X/57289_1757502114.jpg,6839757,{'name': 'YOMILINCON BRAND'},"{'in_stock': True, 'quantity': 1}","{'quality': {'average': 0, 'number_of_ratings': 0}}",2025-11-27 04:14:01
Maxell Laptop Mic - Black,,13000,,,[object Object],/K/Q/57289_1757437240.jpg,6838960,{'name': 'YOMILINCON BRAND'},"{'in_stock': True, 'quantity': 1}","{'quality': {'average': 0, 'number_of_ratings': 0}}",2025-11-27 04:14:01
Apple 2024 Magic Mouse - Multi-touch Surface - Usb-c - Black,,260000,,,[object Object],/Y/B/57289_1756806101.jpg,6832811,{'name': 'YOMILINCON BRAND'},"{'in_stock': True, 'quantity': 5}","{'quality': {'average': 0, 'number_of_ratings': 0}}",2025-11-27 04:14:01
G502 X Lightspeed Wireless Gaming Mouse,Logitech,280000,,,[object Object],/G/K/57289_1755698234.jpg,6821997,{'name': 'YOMILINCON BRAND'},"{'in_stock': True, 'quantity': 5}","{'quality': {'average': 0, 'number_of_ratings': 0}}",2025-11-27 04:14:01
2024 Magic Mouse - Multi-touch Surface - Usb-c - White,,190000,,,[object Object],/C/Q/57289_1754927194.jpg,6815170,{'name': 'YOMILINCON BRAND'},"{'in_stock': True, 'quantity': 2}","{'quality': {'average': 0, 'number_of_ratings': 0}}",2025-11-27 04:14:01
Hp K200 Wired Keyboard,,29900,,,[object Object],/R/I/57289_1754131802.jpg,6807059,{'name': 'YOMILINCON BRAND'},"{'in_stock': True, 'quantity': 19}","{'quality': {'average': 0, 'number_of_ratings': 0}}",2025-11-27 04:14:01
Hp Wireless Keyboard And Mouse Combo - Cs10,,52500,,,[object Object],/A/J/57289_1754131134.jpg,6807055,{'name': 'YOMILINCON BRAND'},"{'in_stock': True, 'quantity': 20}","{'quality': {'average': 0, 'number_of_ratings': 0}}",2025-11-27 04:14:01
 Atheris Wireless Mouse,Razer,255000,,,[object Object],/B/V/57289_1753720934.jpg,6804247,{'name': 'YOMILINCON BRAND'},"{'in_stock': True, 'quantity': 20}","{'quality': {'average': 0, 'number_of_ratings': 0}}",2025-11-27 04:14:01
 Naga Pro Wireless Gaming Mouse - Black,Razer,340000,,,[object Object],/Q/U/57289_1753720648.jpg,6804244,{'name': 'YOMILINCON BRAND'},"{'in_stock': True, 'quantity': 20}","{'quality': {'average': 0, 'number_of_ratings': 0}}",2025-11-27 04:14:01
Sennheiser Pro Audio Portable Lavalier Wireless Set- Aw+ ew 512p G4,,550000,,,[object Object],/R/S/57289_1753451090.jpg,6802339,{'name': 'YOMILINCON BRAND'},"{'in_stock': True, 'quantity': 20}","{'quality': {'average': 0, 'number_of_ratings': 0}}",2025-11-27 04:14:01
Apple Magic Mouse - Wireless / Bluetooth /  Rechargeable ,Apple,245000,,,[object Object],/A/Q/57289_1753195591.jpg,6799336,{'name': 'YOMILINCON BRAND'},"{'in_stock': True, 'quantity': 20}","{'quality': {'average': 0, 'number_of_ratings': 0}}",2025-11-27 04:14:01
Porodo Gaming 2k 30fps Auto Focus Webcam With In-built Mic And Tripod,,95000,,,[object Object],/W/J/57289_1751631021.jpg,6785154,{'name': 'YOMILINCON BRAND'},"{'in_stock': True, 'quantity': 20}","{'quality': {'average': 0, 'number_of_ratings': 0}}",2025-11-27 04:14:01
Rechargeable Gaming Mouse - Black,,40000,,,[object Object],/U/Z/57289_1746887552.jpg,6742662,{'name': 'YOMILINCON BRAND'},"{'in_stock': True, 'quantity': 9}","{'quality': {'average': 0, 'number_of_ratings': 0}}",2025-11-27 04:14:01
Magic Keyboard With Touch Id- Wireless- Bluetooth- Rechargeable- Works With Mac PC,,420000,,,[object Object],/U/D/57289_1739612165.jpg,6671976,{'name': 'YOMILINCON BRAND'},"{'in_stock': True, 'quantity': 19}","{'quality': {'average': 0, 'number_of_ratings': 0}}",2025-11-27 04:14:01
Atheris Ambidextrous Wireless Mouse,Razer,254000,,,[object Object],/D/W/57289_1727278633.jpg,6566277,{'name': 'YOMILINCON BRAND'},"{'in_stock': True, 'quantity': 20}","{'quality': {'average': 0, 'number_of_ratings': 0}}",2025-11-27 04:14:01
Naga Pro Wireless Gaming Mouse - Black,Razer,339000,,,[object Object],/V/W/57289_1727278316.jpg,6566276,{'name': 'YOMILINCON BRAND'},"{'in_stock': True, 'quantity': 20}","{'quality': {'average': 0, 'number_of_ratings': 0}}",2025-11-27 04:14:01
H390 Wired Stereo Headset With Noise-cancelling Microphone,Logitech,64000,,,[object Object],/A/N/57289_1727282309.jpg,6565629,{'name': 'YOMILINCON BRAND'},"{'in_stock': True, 'quantity': 20}","{'quality': {'average': 0, 'number_of_ratings': 0}}",2025-11-27 04:14:01
Prodesk Adjustable Laptop Stand,Nillkin,60000,,,[object Object],/Q/O/57289_1671533896.jpg,6037430,{'name': 'YOMILINCON BRAND'},"{'in_stock': True, 'quantity': 14}","{'quality': {'average': 5, 'number_of_ratings': 1}}",2025-11-27 04:14:01
Ascent Stand For Laptops,Nillkin,17400,,,[object Object],/Q/M/57289_1671534398.jpg,6037417,{'name': 'YOMILINCON BRAND'},"{'in_stock': True, 'quantity': 20}","{'quality': {'average': 0, 'number_of_ratings': 0}}",2025-11-27 04:14:01
Powerology - 11 In 1 Usb-c Hub,,150000,,,[object Object],/J/J/57289_1670940117.jpg,5960973,{'name': 'YOMILINCON BRAND'},"{'in_stock': True, 'quantity': 20}","{'quality': {'average': 0, 'number_of_ratings': 0}}",2025-11-27 04:14:01
Certified Magic Mouse 2 - Space Gray,Apple,155000,,,[object Object],/P/B/57289_1649693122.jpg,5693202,{'name': 'YOMILINCON BRAND'},"{'in_stock': True, 'quantity': 20}","{'quality': {'average': 0, 'number_of_ratings': 0}}",2025-11-27 04:14:01
"Charger Adapter For 13"" MacBook Pros - 61w",Apple,115000,,,[object Object],/L/P/57289_1649772707.jpg,5692861,{'name': 'YOMILINCON BRAND'},"{'in_stock': True, 'quantity': 20}","{'quality': {'average': 0, 'number_of_ratings': 0}}",2025-11-27 04:14:01
Macbook Charger 85w,Apple,140000,,,[object Object],/F/I/57289_1649773442.jpg,5692860,{'name': 'YOMILINCON BRAND'},"{'in_stock': True, 'quantity': 20}","{'quality': {'average': 0, 'number_of_ratings': 0}}",2025-11-27 04:14:01
Mx Keys,Logitech,300000,,,[object Object],/O/U/57289_1637325218.jpg,5531664,{'name': 'YOMILINCON BRAND'},"{'in_stock': True, 'quantity': 1}","{'quality': {'average': 0, 'number_of_ratings': 0}}",2025-11-27 04:14:01
Card Reader Rdf9,Transcend,64000,,,[object Object],/S/Z/57289_1637252349.jpg,5531393,{'name': 'YOMILINCON BRAND'},"{'in_stock': True, 'quantity': 18}","{'quality': {'average': 0, 'number_of_ratings': 0}}",2025-11-27 04:14:01
Mx Master 3 Advanced Wireless Mouse,Logitech,300000,,,[object Object],/E/O/57289_1637251370.jpg,5530775,{'name': 'YOMILINCON BRAND'},"{'in_stock': True, 'quantity': 20}","{'quality': {'average': 0, 'number_of_ratings': 0}}",2025-11-27 04:14:01
Wireless Rechargable Magic Keyboard - Silver,Apple,265000,,,[object Object],/D/O/57289_1636974950.jpg,5528759,{'name': 'YOMILINCON BRAND'},"{'in_stock': True, 'quantity': 20}","{'quality': {'average': 0, 'number_of_ratings': 0}}",2025-11-27 04:14:01
Wireless Rechargable Magic Mouse  - Silver,Apple,210000,,,[object Object],/J/E/57289_1636973504.jpg,5528749,{'name': 'YOMILINCON BRAND'},"{'in_stock': True, 'quantity': 18}","{'quality': {'average': 0, 'number_of_ratings': 0}}",2025-11-27 04:14:01
60W Magsafe Power Adapter,Apple,127000,,,[object Object],/R/Y/57289_1636972886.jpg,5528748,{'name': 'YOMILINCON BRAND'},"{'in_stock': True, 'quantity': 20}","{'quality': {'average': 0, 'number_of_ratings': 0}}",2025-11-27 04:14:01
45W Magsafe 2 Power Adapter,Apple,124000,,,[object Object],/T/B/57289_1636972306.jpg,5528744,{'name': 'YOMILINCON BRAND'},"{'in_stock': True, 'quantity': 20}","{'quality': {'average': 0, 'number_of_ratings': 0}}",2025-11-27 04:14:01
Mini Display Port To Hdmi,,36200,,,[object Object],/U/W/57289_1637063766.jpg,5527693,{'name': 'YOMILINCON BRAND'},"{'in_stock': True, 'quantity': 17}","{'quality': {'average': 0, 'number_of_ratings': 0}}",2025-11-27 04:14:01
C270 Hd Webcam - Hd 720p - Widescreen Hd Video,Logitech,80000,,,[object Object],/D/B/57289_1636630808.jpg,5522604,{'name': 'YOMILINCON BRAND'},"{'in_stock': True, 'quantity': 17}","{'quality': {'average': 0, 'number_of_ratings': 0}}",2025-11-27 04:14:01
4fd Button Usb Wired Mouse,Microsoft,34400,,,[object Object],/R/A/57289_1636630255.jpg,5520794,{'name': 'YOMILINCON BRAND'},"{'in_stock': True, 'quantity': 20}","{'quality': {'average': 0, 'number_of_ratings': 0}}",2025-11-27 04:14:01
87w Usb-c Power Adapter,Apple,92000,,,[object Object],/Q/N/57289_1636454004.jpg,5517387,{'name': 'YOMILINCON BRAND'},"{'in_stock': True, 'quantity': 19}","{'quality': {'average': 0, 'number_of_ratings': 0}}",2025-11-27 04:14:01
M90 Wired Usb Mouse - Black,Logitech,12000,,,[object Object],/A/V/57289_1630506504.jpg,5410287,{'name': 'YOMILINCON BRAND'},"{'in_stock': True, 'quantity': 10}","{'quality': {'average': 0, 'number_of_ratings': 0}}",2025-11-27 04:14:01
JCO4 LAPTOP BATTERY,HP,24725,,,[object Object],/T/I/118566_1604505433.jpg,5000867,{'name': 'Konga'},"{'in_stock': True, 'quantity': 1}","{'quality': {'average': 0, 'number_of_ratings': 0}}",2025-11-27 10:17:40
Basilisk Gaming Mouse Classic Black,Razer,244000,,,[object Object],/R/U/57289_1727279653.jpg,6566278,{'name': 'YOMILINCON BRAND'},"{'in_stock': True, 'quantity': 20}","{'quality': {'average': 0, 'number_of_ratings': 0}}",2025-11-27 10:17:40
Baseus Ultrajoy 5w1 5-port Hub docking station - Grey,,49000,,,[object Object],/F/Z/57289_1760001914.jpg,6861874,{'name': 'YOMILINCON BRAND'},"{'in_stock': True, 'quantity': 2}","{'quality': {'average': 0, 'number_of_ratings': 0}}",2025-11-27 10:17:40
Baseus Ultrajoy Series 7-port Usb C Docking Station – 4k@60hz Hdmi- 100w Pd- 1080p Vga ,,80000,,,[object Object],/W/K/57289_1759746143.jpg,6860173,{'name': 'YOMILINCON BRAND'},"{'in_stock': True, 'quantity': 2}","{'quality': {'average': 0, 'number_of_ratings': 0}}",2025-11-27 10:17:40
Baseus Hub 8 In 1 Usb C Hub Docking Station Adapter With 4k Hdmi For Ipad Pro,,90000,,,[object Object],/F/A/57289_1759747297.jpg,6860155,{'name': 'YOMILINCON BRAND'},"{'in_stock': True, 'quantity': 2}","{'quality': {'average': 0, 'number_of_ratings': 0}}",2025-11-27 10:17:40
Microsoft Arc Mouse - Platinum,,220000,,,[object Object],/P/X/57289_1757502114.jpg,6839757,{'name': 'YOMILINCON BRAND'},"{'in_stock': True, 'quantity': 1}","{'quality': {'average': 0, 'number_of_ratings': 0}}",2025-11-27 10:17:40
Maxell Laptop Mic - Black,,13000,,,[object Object],/K/Q/57289_1757437240.jpg,6838960,{'name': 'YOMILINCON BRAND'},"{'in_stock': True, 'quantity': 1}","{'quality': {'average': 0, 'number_of_ratings': 0}}",2025-11-27 10:17:40
Apple 2024 Magic Mouse - Multi-touch Surface - Usb-c - Black,,260000,,,[object Object],/Y/B/57289_1756806101.jpg,6832811,{'name': 'YOMILINCON BRAND'},"{'in_stock': True, 'quantity': 5}","{'quality': {'average': 0, 'number_of_ratings': 0}}",2025-11-27 10:17:40
G502 X Lightspeed Wireless Gaming Mouse,Logitech,280000,,,[object Object],/G/K/57289_1755698234.jpg,6821997,{'name': 'YOMILINCON BRAND'},"{'in_stock': True, 'quantity': 5}","{'quality': {'average': 0, 'number_of_ratings': 0}}",2025-11-27 10:17:40
2024 Magic Mouse - Multi-touch Surface - Usb-c - White,,190000,,,[object Object],/C/Q/57289_1754927194.jpg,6815170,{'name': 'YOMILINCON BRAND'},"{'in_stock': True, 'quantity': 2}","{'quality': {'average': 0, 'number_of_ratings': 0}}",2025-11-27 10:17:40
Hp K200 Wired Keyboard,,29900,,,[object Object],/R/I/57289_1754131802.jpg,6807059,{'name': 'YOMILINCON BRAND'},"{'in_stock': True, 'quantity': 19}","{'quality': {'average': 0, 'number_of_ratings': 0}}",2025-11-27 10:17:40
Hp Wireless Keyboard And Mouse Combo - Cs10,,52500,,,[object Object],/A/J/57289_1754131134.jpg,6807055,{'name': 'YOMILINCON BRAND'},"{'in_stock': True, 'quantity': 20}","{'quality': {'average': 0, 'number_of_ratings': 0}}",2025-11-27 10:17:40
 Atheris Wireless Mouse,Razer,255000,,,[object Object],/B/V/57289_1753720934.jpg,6804247,{'name': 'YOMILINCON BRAND'},"{'in_stock': True, 'quantity': 20}","{'quality': {'average': 0, 'number_of_ratings': 0}}",2025-11-27 10:17:40
 Naga Pro Wireless Gaming Mouse - Black,Razer,340000,,,[object Object],/Q/U/57289_1753720648.jpg,6804244,{'name': 'YOMILINCON BRAND'},"{'in_stock': True, 'quantity': 20}","{'quality': {'average': 0, 'number_of_ratings': 0}}",2025-11-27 10:17:40
Sennheiser Pro Audio Portable Lavalier Wireless Set- Aw+ ew 512p G4,,550000,,,[object Object],/R/S/57289_1753451090.jpg,6802339,{'name': 'YOMILINCON BRAND'},"{'in_stock': True, 'quantity': 20}","{'quality': {'average': 0, 'number_of_ratings': 0}}",2025-11-27 10:17:40
Apple Magic Mouse - Wireless / Bluetooth /  Rechargeable ,Apple,245000,,,[object Object],/A/Q/57289_1753195591.jpg,6799336,{'name': 'YOMILINCON BRAND'},"{'in_stock': True, 'quantity': 20}","{'quality': {'average': 0, 'number_of_ratings': 0}}",2025-11-27 10:17:40
Porodo Gaming 2k 30fps Auto Focus Webcam With In-built Mic And Tripod,,95000,,,[object Object],/W/J/57289_1751631021.jpg,6785154,{'name': 'YOMILINCON BRAND'},"{'in_stock': True, 'quantity': 20}","{'quality': {'average': 0, 'number_of_ratings': 0}}",2025-11-27 10:17:40
Rechargeable Gaming Mouse - Black,,40000,,,[object Object],/U/Z/57289_1746887552.jpg,6742662,{'name': 'YOMILINCON BRAND'},"{'in_stock': True, 'quantity': 9}","{'quality': {'average': 0, 'number_of_ratings': 0}}",2025-11-27 10:17:40
Magic Keyboard With Touch Id- Wireless- Bluetooth- Rechargeable- Works With Mac PC,,420000,,,[object Object],/U/D/57289_1739612165.jpg,6671976,{'name': 'YOMILINCON BRAND'},"{'in_stock': True, 'quantity': 19}","{'quality': {'average': 0, 'number_of_ratings': 0}}",2025-11-27 10:17:40
Atheris Ambidextrous Wireless Mouse,Razer,254000,,,[object Object],/D/W/57289_1727278633.jpg,6566277,{'name': 'YOMILINCON BRAND'},"{'in_stock': True, 'quantity': 20}","{'quality': {'average': 0, 'number_of_ratings': 0}}",2025-11-27 10:17:40
Naga Pro Wireless Gaming Mouse - Black,Razer,339000,,,[object Object],/V/W/57289_1727278316.jpg,6566276,{'name': 'YOMILINCON BRAND'},"{'in_stock': True, 'quantity': 20}","{'quality': {'average': 0, 'number_of_ratings': 0}}",2025-11-27 10:17:40
H390 Wired Stereo Headset With Noise-cancelling Microphone,Logitech,64000,,,[object Object],/A/N/57289_1727282309.jpg,6565629,{'name': 'YOMILINCON BRAND'},"{'in_stock': True, 'quantity': 20}","{'quality': {'average': 0, 'number_of_ratings': 0}}",2025-11-27 10:17:40
Prodesk Adjustable Laptop Stand,Nillkin,60000,,,[object Object],/Q/O/57289_1671533896.jpg,6037430,{'name': 'YOMILINCON BRAND'},"{'in_stock': True, 'quantity': 14}","{'quality': {'average': 5, 'number_of_ratings': 1}}",2025-11-27 10:17:40
Ascent Stand For Laptops,Nillkin,17400,,,[object Object],/Q/M/57289_1671534398.jpg,6037417,{'name': 'YOMILINCON BRAND'},"{'in_stock': True, 'quantity': 20}","{'quality': {'average': 0, 'number_of_ratings': 0}}",2025-11-27 10:17:40
Powerology - 11 In 1 Usb-c Hub,,150000,,,[object Object],/J/J/57289_1670940117.jpg,5960973,{'name': 'YOMILINCON BRAND'},"{'in_stock': True, 'quantity': 20}","{'quality': {'average': 0, 'number_of_ratings': 0}}",2025-11-27 10:17:40
Certified Magic Mouse 2 - Space Gray,Apple,155000,,,[object Object],/P/B/57289_1649693122.jpg,5693202,{'name': 'YOMILINCON BRAND'},"{'in_stock': True, 'quantity': 20}","{'quality': {'average': 0, 'number_of_ratings': 0}}",2025-11-27 10:17:40
"Charger Adapter For 13"" MacBook Pros - 61w",Apple,115000,,,[object Object],/L/P/57289_1649772707.jpg,5692861,{'name': 'YOMILINCON BRAND'},"{'in_stock': True, 'quantity': 20}","{'quality': {'average': 0, 'number_of_ratings': 0}}",2025-11-27 10:17:40
Macbook Charger 85w,Apple,140000,,,[object Object],/F/I/57289_1649773442.jpg,5692860,{'name': 'YOMILINCON BRAND'},"{'in_stock': True, 'quantity': 20}","{'quality': {'average': 0, 'number_of_ratings': 0}}",2025-11-27 10:17:40
Mx Keys,Logitech,300000,,,[object Object],/O/U/57289_1637325218.jpg,5531664,{'name': 'YOMILINCON BRAND'},"{'in_stock': True, 'quantity': 1}","{'quality': {'average': 0, 'number_of_ratings': 0}}",2025-11-27 10:17:40
Card Reader Rdf9,Transcend,64000,,,[object Object],/S/Z/57289_1637252349.jpg,5531393,{'name': 'YOMILINCON BRAND'},"{'in_stock': True, 'quantity': 18}","{'quality': {'average': 0, 'number_of_ratings': 0}}",2025-11-27 10:17:40
Mx Master 3 Advanced Wireless Mouse,Logitech,300000,,,[object Object],/E/O/57289_1637251370.jpg,5530775,{'name': 'YOMILINCON BRAND'},"{'in_stock': True, 'quantity': 20}","{'quality': {'average': 0, 'number_of_ratings': 0}}",2025-11-27 10:17:40
Wireless Rechargable Magic Keyboard - Silver,Apple,265000,,,[object Object],/D/O/57289_1636974950.jpg,5528759,{'name': 'YOMILINCON BRAND'},"{'in_stock': True, 'quantity': 20}","{'quality': {'average': 0, 'number_of_ratings': 0}}",2025-11-27 10:17:40
Wireless Rechargable Magic Mouse  - Silver,Apple,210000,,,[object Object],/J/E/57289_1636973504.jpg,5528749,{'name': 'YOMILINCON BRAND'},"{'in_stock': True, 'quantity': 18}","{'quality': {'average': 0, 'number_of_ratings': 0}}",2025-11-27 10:17:40
60W Magsafe Power Adapter,Apple,127000,,,[object Object],/R/Y/57289_1636972886.jpg,5528748,{'name': 'YOMILINCON BRAND'},"{'in_stock': True, 'quantity': 20}","{'quality': {'average': 0, 'number_of_ratings': 0}}",2025-11-27 10:17:40
45W Magsafe 2 Power Adapter,Apple,124000,,,[object Object],/T/B/57289_1636972306.jpg,5528744,{'name': 'YOMILINCON BRAND'},"{'in_stock': True, 'quantity': 20}","{'quality': {'average': 0, 'number_of_ratings': 0}}",2025-11-27 10:17:40
Mini Display Port To Hdmi,,36200,,,[object Object],/U/W/57289_1637063766.jpg,5527693,{'name': 'YOMILINCON BRAND'},"{'in_stock': True, 'quantity': 17}","{'quality': {'average': 0, 'number_of_ratings': 0}}",2025-11-27 10:17:40
C270 Hd Webcam - Hd 720p - Widescreen Hd Video,Logitech,80000,,,[object Object],/D/B/57289_1636630808.jpg,5522604,{'name': 'YOMILINCON BRAND'},"{'in_stock': True, 'quantity': 17}","{'quality': {'average': 0, 'number_of_ratings': 0}}",2025-11-27 10:17:40
4fd Button Usb Wired Mouse,Microsoft,34400,,,[object Object],/R/A/57289_1636630255.jpg,5520794,{'name': 'YOMILINCON BRAND'},"{'in_stock': True, 'quantity': 20}","{'quality': {'average': 0, 'number_of_ratings': 0}}",2025-11-27 10:17:40
87w Usb-c Power Adapter,Apple,92000,,,[object Object],/Q/N/57289_1636454004.jpg,5517387,{'name': 'YOMILINCON BRAND'},"{'in_stock': True, 'quantity': 19}","{'quality': {'average': 0, 'number_of_ratings': 0}}",2025-11-27 10:17:40
M90 Wired Usb Mouse - Black,Logitech,12000,,,[object Object],/A/V/57289_1630506504.jpg,5410287,{'name': 'YOMILINCON BRAND'},"{'in_stock': True, 'quantity': 10}","{'quality': {'average': 0, 'number_of_ratings': 0}}",2025-11-27 10:17:40
JCO4 LAPTOP BATTERY,HP,24725,,,[object Object],/T/I/118566_1604505433.jpg,5000867,{'name': 'Konga'},"{'in_stock': True, 'quantity': 1}","{'quality': {'average': 0, 'number_of_ratings': 0}}",2025-11-30 01:11:57
Basilisk Gaming Mouse Classic Black,Razer,244000,,,[object Object],/R/U/57289_1727279653.jpg,6566278,{'name': 'YOMILINCON BRAND'},"{'in_stock': True, 'quantity': 20}","{'quality': {'average': 0, 'number_of_ratings': 0}}",2025-11-30 01:11:57
Baseus Ultrajoy 5w1 5-port Hub docking station - Grey,,49000,,,[object Object],/F/Z/57289_1760001914.jpg,6861874,{'name': 'YOMILINCON BRAND'},"{'in_stock': True, 'quantity': 2}","{'quality': {'average': 0, 'number_of_ratings': 0}}",2025-11-30 01:11:57
Baseus Ultrajoy Series 7-port Usb C Docking Station – 4k@60hz Hdmi- 100w Pd- 1080p Vga ,,80000,,,[object Object],/W/K/57289_1759746143.jpg,6860173,{'name': 'YOMILINCON BRAND'},"{'in_stock': True, 'quantity': 2}","{'quality': {'average': 0, 'number_of_ratings': 0}}",2025-11-30 01:11:57
Baseus Hub 8 In 1 Usb C Hub Docking Station Adapter With 4k Hdmi For Ipad Pro,,90000,,,[object Object],/F/A/57289_1759747297.jpg,6860155,{'name': 'YOMILINCON BRAND'},"{'in_stock': True, 'quantity': 2}","{'quality': {'average': 0, 'number_of_ratings': 0}}",2025-11-30 01:11:57
Microsoft Arc Mouse - Platinum,,220000,,,[object Object],/P/X/57289_1757502114.jpg,6839757,{'name': 'YOMILINCON BRAND'},"{'in_stock': True, 'quantity': 1}","{'quality': {'average': 0, 'number_of_ratings': 0}}",2025-11-30 01:11:57
Maxell Laptop Mic - Black,,13000,,,[object Object],/K/Q/57289_1757437240.jpg,6838960,{'name': 'YOMILINCON BRAND'},"{'in_stock': True, 'quantity': 1}","{'quality': {'average': 0, 'number_of_ratings': 0}}",2025-11-30 01:11:57
Apple 2024 Magic Mouse - Multi-touch Surface - Usb-c - Black,,260000,,,[object Object],/Y/B/57289_1756806101.jpg,6832811,{'name': 'YOMILINCON BRAND'},"{'in_stock': True, 'quantity': 5}","{'quality': {'average': 0, 'number_of_ratings': 0}}",2025-11-30 01:11:57
G502 X Lightspeed Wireless Gaming Mouse,Logitech,280000,,,[object Object],/G/K/57289_1755698234.jpg,6821997,{'name': 'YOMILINCON BRAND'},"{'in_stock': True, 'quantity': 5}","{'quality': {'average': 0, 'number_of_ratings': 0}}",2025-11-30 01:11:57
2024 Magic Mouse - Multi-touch Surface - Usb-c - White,,190000,,,[object Object],/C/Q/57289_1754927194.jpg,6815170,{'name': 'YOMILINCON BRAND'},"{'in_stock': True, 'quantity': 2}","{'quality': {'average': 0, 'number_of_ratings': 0}}",2025-11-30 01:11:57
Hp K200 Wired Keyboard,,29900,,,[object Object],/R/I/57289_1754131802.jpg,6807059,{'name': 'YOMILINCON BRAND'},"{'in_stock': True, 'quantity': 19}","{'quality': {'average': 0, 'number_of_ratings': 0}}",2025-11-30 01:11:57
Hp Wireless Keyboard And Mouse Combo - Cs10,,52500,,,[object Object],/A/J/57289_1754131134.jpg,6807055,{'name': 'YOMILINCON BRAND'},"{'in_stock': True, 'quantity': 20}","{'quality': {'average': 0, 'number_of_ratings': 0}}",2025-11-30 01:11:57
 Atheris Wireless Mouse,Razer,255000,,,[object Object],/B/V/57289_1753720934.jpg,6804247,{'name': 'YOMILINCON BRAND'},"{'in_stock': True, 'quantity': 20}","{'quality': {'average': 0, 'number_of_ratings': 0}}",2025-11-30 01:11:57
 Naga Pro Wireless Gaming Mouse - Black,Razer,340000,,,[object Object],/Q/U/57289_1753720648.jpg,6804244,{'name': 'YOMILINCON BRAND'},"{'in_stock': True, 'quantity': 20}","{'quality': {'average': 0, 'number_of_ratings': 0}}",2025-11-30 01:11:57
Sennheiser Pro Audio Portable Lavalier Wireless Set- Aw+ ew 512p G4,,550000,,,[object Object],/R/S/57289_1753451090.jpg,6802339,{'name': 'YOMILINCON BRAND'},"{'in_stock': True, 'quantity': 20}","{'quality': {'average': 0, 'number_of_ratings': 0}}",2025-11-30 01:11:57
Apple Magic Mouse - Wireless / Bluetooth /  Rechargeable ,Apple,245000,,,[object Object],/A/Q/57289_1753195591.jpg,6799336,{'name': 'YOMILINCON BRAND'},"{'in_stock': True, 'quantity': 20}","{'quality': {'average': 0, 'number_of_ratings': 0}}",2025-11-30 01:11:57
Porodo Gaming 2k 30fps Auto Focus Webcam With In-built Mic And Tripod,,95000,,,[object Object],/W/J/57289_1751631021.jpg,6785154,{'name': 'YOMILINCON BRAND'},"{'in_stock': True, 'quantity': 20}","{'quality': {'average': 0, 'number_of_ratings': 0}}",2025-11-30 01:11:57
Rechargeable Gaming Mouse - Black,,40000,,,[object Object],/U/Z/57289_1746887552.jpg,6742662,{'name': 'YOMILINCON BRAND'},"{'in_stock': True, 'quantity': 9}","{'quality': {'average': 0, 'number_of_ratings': 0}}",2025-11-30 01:11:57
Magic Keyboard With Touch Id- Wireless- Bluetooth- Rechargeable- Works With Mac PC,,420000,,,[object Object],/U/D/57289_1739612165.jpg,6671976,{'name': 'YOMILINCON BRAND'},"{'in_stock': True, 'quantity': 19}","{'quality': {'average': 0, 'number_of_ratings': 0}}",2025-11-30 01:11:57
Atheris Ambidextrous Wireless Mouse,Razer,254000,,,[object Object],/D/W/57289_1727278633.jpg,6566277,{'name': 'YOMILINCON BRAND'},"{'in_stock': True, 'quantity': 20}","{'quality': {'average': 0, 'number_of_ratings': 0}}",2025-11-30 01:11:57
Naga Pro Wireless Gaming Mouse - Black,Razer,339000,,,[object Object],/V/W/57289_1727278316.jpg,6566276,{'name': 'YOMILINCON BRAND'},"{'in_stock': True, 'quantity': 20}","{'quality': {'average': 0, 'number_of_ratings': 0}}",2025-11-30 01:11:57
H390 Wired Stereo Headset With Noise-cancelling Microphone,Logitech,64000,,,[object Object],/A/N/57289_1727282309.jpg,6565629,{'name': 'YOMILINCON BRAND'},"{'in_stock': True, 'quantity': 20}","{'quality': {'average': 0, 'number_of_ratings': 0}}",2025-11-30 01:11:57
Prodesk Adjustable Laptop Stand,Nillkin,60000,,,[object Object],/Q/O/57289_1671533896.jpg,6037430,{'name': 'YOMILINCON BRAND'},"{'in_stock': True, 'quantity': 14}","{'quality': {'average': 5, 'number_of_ratings': 1}}",2025-11-30 01:11:57
Ascent Stand For Laptops,Nillkin,17400,,,[object Object],/Q/M/57289_1671534398.jpg,6037417,{'name': 'YOMILINCON BRAND'},"{'in_stock': True, 'quantity': 20}","{'quality': {'average': 0, 'number_of_ratings': 0}}",2025-11-30 01:11:57
Powerology - 11 In 1 Usb-c Hub,,150000,,,[object Object],/J/J/57289_1670940117.jpg,5960973,{'name': 'YOMILINCON BRAND'},"{'in_stock': True, 'quantity': 20}","{'quality': {'average': 0, 'number_of_ratings': 0}}",2025-11-30 01:11:57
Certified Magic Mouse 2 - Space Gray,Apple,155000,,,[object Object],/P/B/57289_1649693122.jpg,5693202,{'name': 'YOMILINCON BRAND'},"{'in_stock': True, 'quantity': 20}","{'quality': {'average': 0, 'number_of_ratings': 0}}",2025-11-30 01:11:57
"Charger Adapter For 13"" MacBook Pros - 61w",Apple,115000,,,[object Object],/L/P/57289_1649772707.jpg,5692861,{'name': 'YOMILINCON BRAND'},"{'in_stock': True, 'quantity': 20}","{'quality': {'average': 0, 'number_of_ratings': 0}}",2025-11-30 01:11:57
Macbook Charger 85w,Apple,140000,,,[object Object],/F/I/57289_1649773442.jpg,5692860,{'name': 'YOMILINCON BRAND'},"{'in_stock': True, 'quantity': 20}","{'quality': {'average': 0, 'number_of_ratings': 0}}",2025-11-30 01:11:57
Mx Keys,Logitech,300000,,,[object Object],/O/U/57289_1637325218.jpg,5531664,{'name': 'YOMILINCON BRAND'},"{'in_stock': True, 'quantity': 1}","{'quality': {'average': 0, 'number_of_ratings': 0}}",2025-11-30 01:11:57
Card Reader Rdf9,Transcend,64000,,,[object Object],/S/Z/57289_1637252349.jpg,5531393,{'name': 'YOMILINCON BRAND'},"{'in_stock': True, 'quantity': 18}","{'quality': {'average': 0, 'number_of_ratings': 0}}",2025-11-30 01:11:57
Mx Master 3 Advanced Wireless Mouse,Logitech,300000,,,[object Object],/E/O/57289_1637251370.jpg,5530775,{'name': 'YOMILINCON BRAND'},"{'in_stock': True, 'quantity': 20}","{'quality': {'average': 0, 'number_of_ratings': 0}}",2025-11-30 01:11:57
Wireless Rechargable Magic Keyboard - Silver,Apple,265000,,,[object Object],/D/O/57289_1636974950.jpg,5528759,{'name': 'YOMILINCON BRAND'},"{'in_stock': True, 'quantity': 20}","{'quality': {'average': 0, 'number_of_ratings': 0}}",2025-11-30 01:11:57
Wireless Rechargable Magic Mouse  - Silver,Apple,210000,,,[object Object],/J/E/57289_1636973504.jpg,5528749,{'name': 'YOMILINCON BRAND'},"{'in_stock': True, 'quantity': 18}","{'quality': {'average': 0, 'number_of_ratings': 0}}",2025-11-30 01:11:57
60W Magsafe Power Adapter,Apple,127000,,,[object Object],/R/Y/57289_1636972886.jpg,5528748,{'name': 'YOMILINCON BRAND'},"{'in_stock': True, 'quantity': 20}","{'quality': {'average': 0, 'number_of_ratings': 0}}",2025-11-30 01:11:57
45W Magsafe 2 Power Adapter,Apple,124000,,,[object Object],/T/B/57289_1636972306.jpg,5528744,{'name': 'YOMILINCON BRAND'},"{'in_stock': True, 'quantity': 20}","{'quality': {'average': 0, 'number_of_ratings': 0}}",2025-11-30 01:11:57
Mini Display Port To Hdmi,,36200,,,[object Object],/U/W/57289_1637063766.jpg,5527693,{'name': 'YOMILINCON BRAND'},"{'in_stock': True, 'quantity': 17}","{'quality': {'average': 0, 'number_of_ratings': 0}}",2025-11-30 01:11:57
C270 Hd Webcam - Hd 720p - Widescreen Hd Video,Logitech,80000,,,[object Object],/D/B/57289_1636630808.jpg,5522604,{'name': 'YOMILINCON BRAND'},"{'in_stock': True, 'quantity': 17}","{'quality': {'average': 0, 'number_of_ratings': 0}}",2025-11-30 01:11:57
4fd Button Usb Wired Mouse,Microsoft,34400,,,[object Object],/R/A/57289_1636630255.jpg,5520794,{'name': 'YOMILINCON BRAND'},"{'in_stock': True, 'quantity': 20}","{'quality': {'average': 0, 'number_of_ratings': 0}}",2025-11-30 01:11:57
87w Usb-c Power Adapter,Apple,92000,,,[object Object],/Q/N/57289_1636454004.jpg,5517387,{'name': 'YOMILINCON BRAND'},"{'in_stock': True, 'quantity': 19}","{'quality': {'average': 0, 'number_of_ratings': 0}}",2025-11-30 01:11:57
M90 Wired Usb Mouse - Black,Logitech,12000,,,[object Object],/A/V/57289_1630506504.jpg,5410287,{'name': 'YOMILINCON BRAND'},"{'in_stock': True, 'quantity': 10}","{'quality': {'average': 0, 'number_of_ratings': 0}}",2025-11-30 01:11:57
JCO4 LAPTOP BATTERY,HP,24725,,,[object Object],/T/I/118566_1604505433.jpg,5000867,{'name': 'Konga'},"{'in_stock': True, 'quantity': 1}","{'quality': {'average': 0, 'number_of_ratings': 0}}",2025-12-01 01:47:50
Basilisk Gaming Mouse Classic Black,Razer,244000,,,[object Object],/R/U/57289_1727279653.jpg,6566278,{'name': 'YOMILINCON BRAND'},"{'in_stock': True, 'quantity': 20}","{'quality': {'average': 0, 'number_of_ratings': 0}}",2025-12-01 01:47:50
Baseus Ultrajoy 5w1 5-port Hub docking station - Grey,,49000,,,[object Object],/F/Z/57289_1760001914.jpg,6861874,{'name': 'YOMILINCON BRAND'},"{'in_stock': True, 'quantity': 2}","{'quality': {'average': 0, 'number_of_ratings': 0}}",2025-12-01 01:47:50
Baseus Ultrajoy Series 7-port Usb C Docking Station – 4k@60hz Hdmi- 100w Pd- 1080p Vga ,,80000,,,[object Object],/W/K/57289_1759746143.jpg,6860173,{'name': 'YOMILINCON BRAND'},"{'in_stock': True, 'quantity': 2}","{'quality': {'average': 0, 'number_of_ratings': 0}}",2025-12-01 01:47:50
Baseus Hub 8 In 1 Usb C Hub Docking Station Adapter With 4k Hdmi For Ipad Pro,,90000,,,[object Object],/F/A/57289_1759747297.jpg,6860155,{'name': 'YOMILINCON BRAND'},"{'in_stock': True, 'quantity': 2}","{'quality': {'average': 0, 'number_of_ratings': 0}}",2025-12-01 01:47:50
Microsoft Arc Mouse - Platinum,,220000,,,[object Object],/P/X/57289_1757502114.jpg,6839757,{'name': 'YOMILINCON BRAND'},"{'in_stock': True, 'quantity': 1}","{'quality': {'average': 0, 'number_of_ratings': 0}}",2025-12-01 01:47:50
Maxell Laptop Mic - Black,,13000,,,[object Object],/K/Q/57289_1757437240.jpg,6838960,{'name': 'YOMILINCON BRAND'},"{'in_stock': True, 'quantity': 1}","{'quality': {'average': 0, 'number_of_ratings': 0}}",2025-12-01 01:47:50
Apple 2024 Magic Mouse - Multi-touch Surface - Usb-c - Black,,260000,,,[object Object],/Y/B/57289_1756806101.jpg,6832811,{'name': 'YOMILINCON BRAND'},"{'in_stock': True, 'quantity': 5}","{'quality': {'average': 0, 'number_of_ratings': 0}}",2025-12-01 01:47:50
G502 X Lightspeed Wireless Gaming Mouse,Logitech,280000,,,[object Object],/G/K/57289_1755698234.jpg,6821997,{'name': 'YOMILINCON BRAND'},"{'in_stock': True, 'quantity': 5}","{'quality': {'average': 0, 'number_of_ratings': 0}}",2025-12-01 01:47:50
2024 Magic Mouse - Multi-touch Surface - Usb-c - White,,190000,,,[object Object],/C/Q/57289_1754927194.jpg,6815170,{'name': 'YOMILINCON BRAND'},"{'in_stock': True, 'quantity': 2}","{'quality': {'average': 0, 'number_of_ratings': 0}}",2025-12-01 01:47:50
Hp K200 Wired Keyboard,,29900,,,[object Object],/R/I/57289_1754131802.jpg,6807059,{'name': 'YOMILINCON BRAND'},"{'in_stock': True, 'quantity': 19}","{'quality': {'average': 0, 'number_of_ratings': 0}}",2025-12-01 01:47:50
Hp Wireless Keyboard And Mouse Combo - Cs10,,52500,,,[object Object],/A/J/57289_1754131134.jpg,6807055,{'name': 'YOMILINCON BRAND'},"{'in_stock': True, 'quantity': 20}","{'quality': {'average': 0, 'number_of_ratings': 0}}",2025-12-01 01:47:50
 Atheris Wireless Mouse,Razer,255000,,,[object Object],/B/V/57289_1753720934.jpg,6804247,{'name': 'YOMILINCON BRAND'},"{'in_stock': True, 'quantity': 20}","{'quality': {'average': 0, 'number_of_ratings': 0}}",2025-12-01 01:47:50
 Naga Pro Wireless Gaming Mouse - Black,Razer,340000,,,[object Object],/Q/U/57289_1753720648.jpg,6804244,{'name': 'YOMILINCON BRAND'},"{'in_stock': True, 'quantity': 20}","{'quality': {'average': 0, 'number_of_ratings': 0}}",2025-12-01 01:47:50
Sennheiser Pro Audio Portable Lavalier Wireless Set- Aw+ ew 512p G4,,550000,,,[object Object],/R/S/57289_1753451090.jpg,6802339,{'name': 'YOMILINCON BRAND'},"{'in_stock': True, 'quantity': 20}","{'quality': {'average': 0, 'number_of_ratings': 0}}",2025-12-01 01:47:50
Apple Magic Mouse - Wireless / Bluetooth /  Rechargeable ,Apple,245000,,,[object Object],/A/Q/57289_1753195591.jpg,6799336,{'name': 'YOMILINCON BRAND'},"{'in_stock': True, 'quantity': 20}","{'quality': {'average': 0, 'number_of_ratings': 0}}",2025-12-01 01:47:50
Porodo Gaming 2k 30fps Auto Focus Webcam With In-built Mic And Tripod,,95000,,,[object Object],/W/J/57289_1751631021.jpg,6785154,{'name': 'YOMILINCON BRAND'},"{'in_stock': True, 'quantity': 20}","{'quality': {'average': 0, 'number_of_ratings': 0}}",2025-12-01 01:47:50
Rechargeable Gaming Mouse - Black,,40000,,,[object Object],/U/Z/57289_1746887552.jpg,6742662,{'name': 'YOMILINCON BRAND'},"{'in_stock': True, 'quantity': 9}","{'quality': {'average': 0, 'number_of_ratings': 0}}",2025-12-01 01:47:50
Magic Keyboard With Touch Id- Wireless- Bluetooth- Rechargeable- Works With Mac PC,,420000,,,[object Object],/U/D/57289_1739612165.jpg,6671976,{'name': 'YOMILINCON BRAND'},"{'in_stock': True, 'quantity': 19}","{'quality': {'average': 0, 'number_of_ratings': 0}}",2025-12-01 01:47:50
Atheris Ambidextrous Wireless Mouse,Razer,254000,,,[object Object],/D/W/57289_1727278633.jpg,6566277,{'name': 'YOMILINCON BRAND'},"{'in_stock': True, 'quantity': 20}","{'quality': {'average': 0, 'number_of_ratings': 0}}",2025-12-01 01:47:50
Naga Pro Wireless Gaming Mouse - Black,Razer,339000,,,[object Object],/V/W/57289_1727278316.jpg,6566276,{'name': 'YOMILINCON BRAND'},"{'in_stock': True, 'quantity': 20}","{'quality': {'average': 0, 'number_of_ratings': 0}}",2025-12-01 01:47:50
H390 Wired Stereo Headset With Noise-cancelling Microphone,Logitech,64000,,,[object Object],/A/N/57289_1727282309.jpg,6565629,{'name': 'YOMILINCON BRAND'},"{'in_stock': True, 'quantity': 20}","{'quality': {'average': 0, 'number_of_ratings': 0}}",2025-12-01 01:47:50
Prodesk Adjustable Laptop Stand,Nillkin,60000,,,[object Object],/Q/O/57289_1671533896.jpg,6037430,{'name': 'YOMILINCON BRAND'},"{'in_stock': True, 'quantity': 14}","{'quality': {'average': 5, 'number_of_ratings': 1}}",2025-12-01 01:47:50
Ascent Stand For Laptops,Nillkin,17400,,,[object Object],/Q/M/57289_1671534398.jpg,6037417,{'name': 'YOMILINCON BRAND'},"{'in_stock': True, 'quantity': 20}","{'quality': {'average': 0, 'number_of_ratings': 0}}",2025-12-01 01:47:50
Powerology - 11 In 1 Usb-c Hub,,150000,,,[object Object],/J/J/57289_1670940117.jpg,5960973,{'name': 'YOMILINCON BRAND'},"{'in_stock': True, 'quantity': 20}","{'quality': {'average': 0, 'number_of_ratings': 0}}",2025-12-01 01:47:50
Certified Magic Mouse 2 - Space Gray,Apple,155000,,,[object Object],/P/B/57289_1649693122.jpg,5693202,{'name': 'YOMILINCON BRAND'},"{'in_stock': True, 'quantity': 20}","{'quality': {'average': 0, 'number_of_ratings': 0}}",2025-12-01 01:47:50
"Charger Adapter For 13"" MacBook Pros - 61w",Apple,115000,,,[object Object],/L/P/57289_1649772707.jpg,5692861,{'name': 'YOMILINCON BRAND'},"{'in_stock': True, 'quantity': 20}","{'quality': {'average': 0, 'number_of_ratings': 0}}",2025-12-01 01:47:50
Macbook Charger 85w,Apple,140000,,,[object Object],/F/I/57289_1649773442.jpg,5692860,{'name': 'YOMILINCON BRAND'},"{'in_stock': True, 'quantity': 20}","{'quality': {'average': 0, 'number_of_ratings': 0}}",2025-12-01 01:47:50
Mx Keys,Logitech,300000,,,[object Object],/O/U/57289_1637325218.jpg,5531664,{'name': 'YOMILINCON BRAND'},"{'in_stock': True, 'quantity': 1}","{'quality': {'average': 0, 'number_of_ratings': 0}}",2025-12-01 01:47:50
Card Reader Rdf9,Transcend,64000,,,[object Object],/S/Z/57289_1637252349.jpg,5531393,{'name': 'YOMILINCON BRAND'},"{'in_stock': True, 'quantity': 18}","{'quality': {'average': 0, 'number_of_ratings': 0}}",2025-12-01 01:47:50
Mx Master 3 Advanced Wireless Mouse,Logitech,300000,,,[object Object],/E/O/57289_1637251370.jpg,5530775,{'name': 'YOMILINCON BRAND'},"{'in_stock': True, 'quantity': 20}","{'quality': {'average': 0, 'number_of_ratings': 0}}",2025-12-01 01:47:50
Wireless Rechargable Magic Keyboard - Silver,Apple,265000,,,[object Object],/D/O/57289_1636974950.jpg,5528759,{'name': 'YOMILINCON BRAND'},"{'in_stock': True, 'quantity': 20}","{'quality': {'average': 0, 'number_of_ratings': 0}}",2025-12-01 01:47:50
Wireless Rechargable Magic Mouse  - Silver,Apple,210000,,,[object Object],/J/E/57289_1636973504.jpg,5528749,{'name': 'YOMILINCON BRAND'},"{'in_stock': True, 'quantity': 18}","{'quality': {'average': 0, 'number_of_ratings': 0}}",2025-12-01 01:47:50
60W Magsafe Power Adapter,Apple,127000,,,[object Object],/R/Y/57289_1636972886.jpg,5528748,{'name': 'YOMILINCON BRAND'},"{'in_stock': True, 'quantity': 20}","{'quality': {'average': 0, 'number_of_ratings': 0}}",2025-12-01 01:47:50
45W Magsafe 2 Power Adapter,Apple,124000,,,[object Object],/T/B/57289_1636972306.jpg,5528744,{'name': 'YOMILINCON BRAND'},"{'in_stock': True, 'quantity': 20}","{'quality': {'average': 0, 'number_of_ratings': 0}}",2025-12-01 01:47:50
Mini Display Port To Hdmi,,36200,,,[object Object],/U/W/57289_1637063766.jpg,5527693,{'name': 'YOMILINCON BRAND'},"{'in_stock': True, 'quantity': 17}","{'quality': {'average': 0, 'number_of_ratings': 0}}",2025-12-01 01:47:50
C270 Hd Webcam - Hd 720p - Widescreen Hd Video,Logitech,80000,,,[object Object],/D/B/57289_1636630808.jpg,5522604,{'name': 'YOMILINCON BRAND'},"{'in_stock': True, 'quantity': 17}","{'quality': {'average': 0, 'number_of_ratings': 0}}",2025-12-01 01:47:50
4fd Button Usb Wired Mouse,Microsoft,34400,,,[object Object],/R/A/57289_1636630255.jpg,5520794,{'name': 'YOMILINCON BRAND'},"{'in_stock': True, 'quantity': 20}","{'quality': {'average': 0, 'number_of_ratings': 0}}",2025-12-01 01:47:50
87w Usb-c Power Adapter,Apple,92000,,,[object Object],/Q/N/57289_1636454004.jpg,5517387,{'name': 'YOMILINCON BRAND'},"{'in_stock': True, 'quantity': 19}","{'quality': {'average': 0, 'number_of_ratings': 0}}",2025-12-01 01:47:50
M90 Wired Usb Mouse - Black,Logitech,12000,,,[object Object],/A/V/57289_1630506504.jpg,5410287,{'name': 'YOMILINCON BRAND'},"{'in_stock': True, 'quantity': 10}","{'quality': {'average': 0, 'number_of_ratings': 0}}",2025-12-01 01:47:50
JCO4 LAPTOP BATTERY,HP,24725,,,[object Object],/T/I/118566_1604505433.jpg,5000867,{'name': 'Konga'},"{'in_stock': True, 'quantity': 1}","{'quality': {'average': 0, 'number_of_ratings': 0}}",2025-12-06 01:21:14
Basilisk Gaming Mouse Classic Black,Razer,244000,,,[object Object],/R/U/57289_1727279653.jpg,6566278,{'name': 'YOMILINCON BRAND'},"{'in_stock': True, 'quantity': 20}","{'quality': {'average': 0, 'number_of_ratings': 0}}",2025-12-06 01:21:14
Baseus Ultrajoy 5w1 5-port Hub docking station - Grey,,49000,,,[object Object],/F/Z/57289_1760001914.jpg,6861874,{'name': 'YOMILINCON BRAND'},"{'in_stock': True, 'quantity': 2}","{'quality': {'average': 0, 'number_of_ratings': 0}}",2025-12-06 01:21:14
Baseus Ultrajoy Series 7-port Usb C Docking Station – 4k@60hz Hdmi- 100w Pd- 1080p Vga ,,80000,,,[object Object],/W/K/57289_1759746143.jpg,6860173,{'name': 'YOMILINCON BRAND'},"{'in_stock': True, 'quantity': 2}","{'quality': {'average': 0, 'number_of_ratings': 0}}",2025-12-06 01:21:14
Baseus Hub 8 In 1 Usb C Hub Docking Station Adapter With 4k Hdmi For Ipad Pro,,90000,,,[object Object],/F/A/57289_1759747297.jpg,6860155,{'name': 'YOMILINCON BRAND'},"{'in_stock': True, 'quantity': 2}","{'quality': {'average': 0, 'number_of_ratings': 0}}",2025-12-06 01:21:14
Microsoft Arc Mouse - Platinum,,220000,,,[object Object],/P/X/57289_1757502114.jpg,6839757,{'name': 'YOMILINCON BRAND'},"{'in_stock': True, 'quantity': 1}","{'quality': {'average': 0, 'number_of_ratings': 0}}",2025-12-06 01:21:14
Maxell Laptop Mic - Black,,13000,,,[object Object],/K/Q/57289_1757437240.jpg,6838960,{'name': 'YOMILINCON BRAND'},"{'in_stock': True, 'quantity': 1}","{'quality': {'average': 0, 'number_of_ratings': 0}}",2025-12-06 01:21:14
Apple 2024 Magic Mouse - Multi-touch Surface - Usb-c - Black,,260000,,,[object Object],/Y/B/57289_1756806101.jpg,6832811,{'name': 'YOMILINCON BRAND'},"{'in_stock': True, 'quantity': 5}","{'quality': {'average': 0, 'number_of_ratings': 0}}",2025-12-06 01:21:14
G502 X Lightspeed Wireless Gaming Mouse,Logitech,280000,,,[object Object],/G/K/57289_1755698234.jpg,6821997,{'name': 'YOMILINCON BRAND'},"{'in_stock': True, 'quantity': 5}","{'quality': {'average': 0, 'number_of_ratings': 0}}",2025-12-06 01:21:14
2024 Magic Mouse - Multi-touch Surface - Usb-c - White,,190000,,,[object Object],/C/Q/57289_1754927194.jpg,6815170,{'name': 'YOMILINCON BRAND'},"{'in_stock': True, 'quantity': 2}","{'quality': {'average': 0, 'number_of_ratings': 0}}",2025-12-06 01:21:14
Hp K200 Wired Keyboard,,29900,,,[object Object],/R/I/57289_1754131802.jpg,6807059,{'name': 'YOMILINCON BRAND'},"{'in_stock': True, 'quantity': 19}","{'quality': {'average': 0, 'number_of_ratings': 0}}",2025-12-06 01:21:14
Hp Wireless Keyboard And Mouse Combo - Cs10,,52500,,,[object Object],/A/J/57289_1754131134.jpg,6807055,{'name': 'YOMILINCON BRAND'},"{'in_stock': True, 'quantity': 20}","{'quality': {'average': 0, 'number_of_ratings': 0}}",2025-12-06 01:21:14
 Atheris Wireless Mouse,Razer,255000,,,[object Object],/B/V/57289_1753720934.jpg,6804247,{'name': 'YOMILINCON BRAND'},"{'in_stock': True, 'quantity': 20}","{'quality': {'average': 0, 'number_of_ratings': 0}}",2025-12-06 01:21:14
 Naga Pro Wireless Gaming Mouse - Black,Razer,340000,,,[object Object],/Q/U/57289_1753720648.jpg,6804244,{'name': 'YOMILINCON BRAND'},"{'in_stock': True, 'quantity': 20}","{'quality': {'average': 0, 'number_of_ratings': 0}}",2025-12-06 01:21:14
Sennheiser Pro Audio Portable Lavalier Wireless Set- Aw+ ew 512p G4,,550000,,,[object Object],/R/S/57289_1753451090.jpg,6802339,{'name': 'YOMILINCON BRAND'},"{'in_stock': True, 'quantity': 20}","{'quality': {'average': 0, 'number_of_ratings': 0}}",2025-12-06 01:21:14
Apple Magic Mouse - Wireless / Bluetooth /  Rechargeable ,Apple,245000,,,[object Object],/A/Q/57289_1753195591.jpg,6799336,{'name': 'YOMILINCON BRAND'},"{'in_stock': True, 'quantity': 20}","{'quality': {'average': 0, 'number_of_ratings': 0}}",2025-12-06 01:21:14
Porodo Gaming 2k 30fps Auto Focus Webcam With In-built Mic And Tripod,,95000,,,[object Object],/W/J/57289_1751631021.jpg,6785154,{'name': 'YOMILINCON BRAND'},"{'in_stock': True, 'quantity': 20}","{'quality': {'average': 0, 'number_of_ratings': 0}}",2025-12-06 01:21:14
Rechargeable Gaming Mouse - Black,,40000,,,[object Object],/U/Z/57289_1746887552.jpg,6742662,{'name': 'YOMILINCON BRAND'},"{'in_stock': True, 'quantity': 9}","{'quality': {'average': 0, 'number_of_ratings': 0}}",2025-12-06 01:21:14
Magic Keyboard With Touch Id- Wireless- Bluetooth- Rechargeable- Works With Mac PC,,420000,,,[object Object],/U/D/57289_1739612165.jpg,6671976,{'name': 'YOMILINCON BRAND'},"{'in_stock': True, 'quantity': 19}","{'quality': {'average': 0, 'number_of_ratings': 0}}",2025-12-06 01:21:14
Atheris Ambidextrous Wireless Mouse,Razer,254000,,,[object Object],/D/W/57289_1727278633.jpg,6566277,{'name': 'YOMILINCON BRAND'},"{'in_stock': True, 'quantity': 20}","{'quality': {'average': 0, 'number_of_ratings': 0}}",2025-12-06 01:21:14
Naga Pro Wireless Gaming Mouse - Black,Razer,339000,,,[object Object],/V/W/57289_1727278316.jpg,6566276,{'name': 'YOMILINCON BRAND'},"{'in_stock': True, 'quantity': 20}","{'quality': {'average': 0, 'number_of_ratings': 0}}",2025-12-06 01:21:14
H390 Wired Stereo Headset With Noise-cancelling Microphone,Logitech,64000,,,[object Object],/A/N/57289_1727282309.jpg,6565629,{'name': 'YOMILINCON BRAND'},"{'in_stock': True, 'quantity': 20}","{'quality': {'average': 0, 'number_of_ratings': 0}}",2025-12-06 01:21:14
Prodesk Adjustable Laptop Stand,Nillkin,60000,,,[object Object],/Q/O/57289_1671533896.jpg,6037430,{'name': 'YOMILINCON BRAND'},"{'in_stock': True, 'quantity': 14}","{'quality': {'average': 5, 'number_of_ratings': 1}}",2025-12-06 01:21:14
Ascent Stand For Laptops,Nillkin,17400,,,[object Object],/Q/M/57289_1671534398.jpg,6037417,{'name': 'YOMILINCON BRAND'},"{'in_stock': True, 'quantity': 20}","{'quality': {'average': 0, 'number_of_ratings': 0}}",2025-12-06 01:21:14
Powerology - 11 In 1 Usb-c Hub,,150000,,,[object Object],/J/J/57289_1670940117.jpg,5960973,{'name': 'YOMILINCON BRAND'},"{'in_stock': True, 'quantity': 20}","{'quality': {'average': 0, 'number_of_ratings': 0}}",2025-12-06 01:21:14
Certified Magic Mouse 2 - Space Gray,Apple,155000,,,[object Object],/P/B/57289_1649693122.jpg,5693202,{'name': 'YOMILINCON BRAND'},"{'in_stock': True, 'quantity': 20}","{'quality': {'average': 0, 'number_of_ratings': 0}}",2025-12-06 01:21:14
"Charger Adapter For 13"" MacBook Pros - 61w",Apple,115000,,,[object Object],/L/P/57289_1649772707.jpg,5692861,{'name': 'YOMILINCON BRAND'},"{'in_stock': True, 'quantity': 20}","{'quality': {'average': 0, 'number_of_ratings': 0}}",2025-12-06 01:21:14
Macbook Charger 85w,Apple,140000,,,[object Object],/F/I/57289_1649773442.jpg,5692860,{'name': 'YOMILINCON BRAND'},"{'in_stock': True, 'quantity': 20}","{'quality': {'average': 0, 'number_of_ratings': 0}}",2025-12-06 01:21:14
Mx Keys,Logitech,300000,,,[object Object],/O/U/57289_1637325218.jpg,5531664,{'name': 'YOMILINCON BRAND'},"{'in_stock': True, 'quantity': 1}","{'quality': {'average': 0, 'number_of_ratings': 0}}",2025-12-06 01:21:14
Card Reader Rdf9,Transcend,64000,,,[object Object],/S/Z/57289_1637252349.jpg,5531393,{'name': 'YOMILINCON BRAND'},"{'in_stock': True, 'quantity': 18}","{'quality': {'average': 0, 'number_of_ratings': 0}}",2025-12-06 01:21:14
Mx Master 3 Advanced Wireless Mouse,Logitech,300000,,,[object Object],/E/O/57289_1637251370.jpg,5530775,{'name': 'YOMILINCON BRAND'},"{'in_stock': True, 'quantity': 20}","{'quality': {'average': 0, 'number_of_ratings': 0}}",2025-12-06 01:21:14
Wireless Rechargable Magic Keyboard - Silver,Apple,265000,,,[object Object],/D/O/57289_1636974950.jpg,5528759,{'name': 'YOMILINCON BRAND'},"{'in_stock': True, 'quantity': 20}","{'quality': {'average': 0, 'number_of_ratings': 0}}",2025-12-06 01:21:14
Wireless Rechargable Magic Mouse  - Silver,Apple,210000,,,[object Object],/J/E/57289_1636973504.jpg,5528749,{'name': 'YOMILINCON BRAND'},"{'in_stock': True, 'quantity': 18}","{'quality': {'average': 0, 'number_of_ratings': 0}}",2025-12-06 01:21:14
60W Magsafe Power Adapter,Apple,127000,,,[object Object],/R/Y/57289_1636972886.jpg,5528748,{'name': 'YOMILINCON BRAND'},"{'in_stock': True, 'quantity': 20}","{'quality': {'average': 0, 'number_of_ratings': 0}}",2025-12-06 01:21:14
45W Magsafe 2 Power Adapter,Apple,124000,,,[object Object],/T/B/57289_1636972306.jpg,5528744,{'name': 'YOMILINCON BRAND'},"{'in_stock': True, 'quantity': 20}","{'quality': {'average': 0, 'number_of_ratings': 0}}",2025-12-06 01:21:14
Mini Display Port To Hdmi,,36200,,,[object Object],/U/W/57289_1637063766.jpg,5527693,{'name': 'YOMILINCON BRAND'},"{'in_stock': True, 'quantity': 17}","{'quality': {'average': 0, 'number_of_ratings': 0}}",2025-12-06 01:21:14
C270 Hd Webcam - Hd 720p - Widescreen Hd Video,Logitech,80000,,,[object Object],/D/B/57289_1636630808.jpg,5522604,{'name': 'YOMILINCON BRAND'},"{'in_stock': True, 'quantity': 17}","{'quality': {'average': 0, 'number_of_ratings': 0}}",2025-12-06 01:21:14
4fd Button Usb Wired Mouse,Microsoft,34400,,,[object Object],/R/A/57289_1636630255.jpg,5520794,{'name': 'YOMILINCON BRAND'},"{'in_stock': True, 'quantity': 20}","{'quality': {'average': 0, 'number_of_ratings': 0}}",2025-12-06 01:21:14
87w Usb-c Power Adapter,Apple,92000,,,[object Object],/Q/N/57289_1636454004.jpg,5517387,{'name': 'YOMILINCON BRAND'},"{'in_stock': True, 'quantity': 19}","{'quality': {'average': 0, 'number_of_ratings': 0}}",2025-12-06 01:21:14
M90 Wired Usb Mouse - Black,Logitech,12000,,,[object Object],/A/V/57289_1630506504.jpg,5410287,{'name': 'YOMILINCON BRAND'},"{'in_stock': True, 'quantity': 10}","{'quality': {'average': 0, 'number_of_ratings': 0}}",2025-12-06 01:21:14
JCO4 LAPTOP BATTERY,HP,24725,,,[object Object],/T/I/118566_1604505433.jpg,5000867,{'name': 'Konga'},"{'in_stock': True, 'quantity': 1}","{'quality': {'average': 0, 'number_of_ratings': 0}}",2025-12-11 01:27:48
Basilisk Gaming Mouse Classic Black,Razer,244000,,,[object Object],/R/U/57289_1727279653.jpg,6566278,{'name': 'YOMILINCON BRAND'},"{'in_stock': True, 'quantity': 20}","{'quality': {'average': 0, 'number_of_ratings': 0}}",2025-12-11 01:27:48
Cheerdots 2 Mouse For Pc Laptop - Chatgpt Enabled Bluetooth Mouse With Voice Recording,,130000,,,[object Object],/R/R/57289_1764974598.jpg,6902655,{'name': 'YOMILINCON BRAND'},"{'in_stock': True, 'quantity': 20}","{'quality': {'average': 0, 'number_of_ratings': 0}}",2025-12-11 01:27:48
Baseus Ultrajoy 5w1 5-port Hub docking station - Grey,,49000,,,[object Object],/F/Z/57289_1760001914.jpg,6861874,{'name': 'YOMILINCON BRAND'},"{'in_stock': True, 'quantity': 2}","{'quality': {'average': 0, 'number_of_ratings': 0}}",2025-12-11 01:27:48
Baseus Ultrajoy Series 7-port Usb C Docking Station – 4k@60hz Hdmi- 100w Pd- 1080p Vga ,,80000,,,[object Object],/W/K/57289_1759746143.jpg,6860173,{'name': 'YOMILINCON BRAND'},"{'in_stock': True, 'quantity': 2}","{'quality': {'average': 0, 'number_of_ratings': 0}}",2025-12-11 01:27:48
Baseus Hub 8 In 1 Usb C Hub Docking Station Adapter With 4k Hdmi For Ipad Pro,,90000,,,[object Object],/F/A/57289_1759747297.jpg,6860155,{'name': 'YOMILINCON BRAND'},"{'in_stock': True, 'quantity': 2}","{'quality': {'average': 0, 'number_of_ratings': 0}}",2025-12-11 01:27:48
Microsoft Arc Mouse - Platinum,,220000,,,[object Object],/P/X/57289_1757502114.jpg,6839757,{'name': 'YOMILINCON BRAND'},"{'in_stock': True, 'quantity': 1}","{'quality': {'average': 0, 'number_of_ratings': 0}}",2025-12-11 01:27:48
Maxell Laptop Mic - Black,,13000,,,[object Object],/K/Q/57289_1757437240.jpg,6838960,{'name': 'YOMILINCON BRAND'},"{'in_stock': True, 'quantity': 1}","{'quality': {'average': 0, 'number_of_ratings': 0}}",2025-12-11 01:27:48
Apple 2024 Magic Mouse - Multi-touch Surface - Usb-c - Black,,260000,,,[object Object],/Y/B/57289_1756806101.jpg,6832811,{'name': 'YOMILINCON BRAND'},"{'in_stock': True, 'quantity': 5}","{'quality': {'average': 0, 'number_of_ratings': 0}}",2025-12-11 01:27:48
G502 X Lightspeed Wireless Gaming Mouse,Logitech,280000,,,[object Object],/G/K/57289_1755698234.jpg,6821997,{'name': 'YOMILINCON BRAND'},"{'in_stock': True, 'quantity': 5}","{'quality': {'average': 0, 'number_of_ratings': 0}}",2025-12-11 01:27:48
2024 Magic Mouse - Multi-touch Surface - Usb-c - White,,190000,,,[object Object],/C/Q/57289_1754927194.jpg,6815170,{'name': 'YOMILINCON BRAND'},"{'in_stock': True, 'quantity': 2}","{'quality': {'average': 0, 'number_of_ratings': 0}}",2025-12-11 01:27:48
Hp K200 Wired Keyboard,,29900,,,[object Object],/R/I/57289_1754131802.jpg,6807059,{'name': 'YOMILINCON BRAND'},"{'in_stock': True, 'quantity': 19}","{'quality': {'average': 0, 'number_of_ratings': 0}}",2025-12-11 01:27:48
Hp Wireless Keyboard And Mouse Combo - Cs10,,52500,,,[object Object],/A/J/57289_1754131134.jpg,6807055,{'name': 'YOMILINCON BRAND'},"{'in_stock': True, 'quantity': 20}","{'quality': {'average': 0, 'number_of_ratings': 0}}",2025-12-11 01:27:48
 Atheris Wireless Mouse,Razer,255000,,,[object Object],/B/V/57289_1753720934.jpg,6804247,{'name': 'YOMILINCON BRAND'},"{'in_stock': True, 'quantity': 20}","{'quality': {'average': 0, 'number_of_ratings': 0}}",2025-12-11 01:27:48
 Naga Pro Wireless Gaming Mouse - Black,Razer,340000,,,[object Object],/Q/U/57289_1753720648.jpg,6804244,{'name': 'YOMILINCON BRAND'},"{'in_stock': True, 'quantity': 20}","{'quality': {'average': 0, 'number_of_ratings': 0}}",2025-12-11 01:27:48
Sennheiser Pro Audio Portable Lavalier Wireless Set- Aw+ ew 512p G4,,550000,,,[object Object],/R/S/57289_1753451090.jpg,6802339,{'name': 'YOMILINCON BRAND'},"{'in_stock': True, 'quantity': 20}","{'quality': {'average': 0, 'number_of_ratings': 0}}",2025-12-11 01:27:48
Apple Magic Mouse - Wireless / Bluetooth /  Rechargeable ,Apple,245000,,,[object Object],/A/Q/57289_1753195591.jpg,6799336,{'name': 'YOMILINCON BRAND'},"{'in_stock': True, 'quantity': 20}","{'quality': {'average': 0, 'number_of_ratings': 0}}",2025-12-11 01:27:48
Porodo Gaming 2k 30fps Auto Focus Webcam With In-built Mic And Tripod,,95000,,,[object Object],/W/J/57289_1751631021.jpg,6785154,{'name': 'YOMILINCON BRAND'},"{'in_stock': True, 'quantity': 20}","{'quality': {'average': 0, 'number_of_ratings': 0}}",2025-12-11 01:27:48
Rechargeable Gaming Mouse - Black,,40000,,,[object Object],/U/Z/57289_1746887552.jpg,6742662,{'name': 'YOMILINCON BRAND'},"{'in_stock': True, 'quantity': 9}","{'quality': {'average': 0, 'number_of_ratings': 0}}",2025-12-11 01:27:48
Magic Keyboard With Touch Id- Wireless- Bluetooth- Rechargeable- Works With Mac PC,,420000,,,[object Object],/U/D/57289_1739612165.jpg,6671976,{'name': 'YOMILINCON BRAND'},"{'in_stock': True, 'quantity': 19}","{'quality': {'average': 0, 'number_of_ratings': 0}}",2025-12-11 01:27:48
Atheris Ambidextrous Wireless Mouse,Razer,254000,,,[object Object],/D/W/57289_1727278633.jpg,6566277,{'name': 'YOMILINCON BRAND'},"{'in_stock': True, 'quantity': 20}","{'quality': {'average': 0, 'number_of_ratings': 0}}",2025-12-11 01:27:48
Naga Pro Wireless Gaming Mouse - Black,Razer,339000,,,[object Object],/V/W/57289_1727278316.jpg,6566276,{'name': 'YOMILINCON BRAND'},"{'in_stock': True, 'quantity': 20}","{'quality': {'average': 0, 'number_of_ratings': 0}}",2025-12-11 01:27:48
H390 Wired Stereo Headset With Noise-cancelling Microphone,Logitech,64000,,,[object Object],/A/N/57289_1727282309.jpg,6565629,{'name': 'YOMILINCON BRAND'},"{'in_stock': True, 'quantity': 20}","{'quality': {'average': 0, 'number_of_ratings': 0}}",2025-12-11 01:27:48
Prodesk Adjustable Laptop Stand,Nillkin,60000,,,[object Object],/Q/O/57289_1671533896.jpg,6037430,{'name': 'YOMILINCON BRAND'},"{'in_stock': True, 'quantity': 14}","{'quality': {'average': 5, 'number_of_ratings': 1}}",2025-12-11 01:27:48
Ascent Stand For Laptops,Nillkin,17400,,,[object Object],/Q/M/57289_1671534398.jpg,6037417,{'name': 'YOMILINCON BRAND'},"{'in_stock': True, 'quantity': 20}","{'quality': {'average': 0, 'number_of_ratings': 0}}",2025-12-11 01:27:48
Powerology - 11 In 1 Usb-c Hub,,150000,,,[object Object],/J/J/57289_1670940117.jpg,5960973,{'name': 'YOMILINCON BRAND'},"{'in_stock': True, 'quantity': 20}","{'quality': {'average': 0, 'number_of_ratings': 0}}",2025-12-11 01:27:48
Certified Magic Mouse 2 - Space Gray,Apple,155000,,,[object Object],/P/B/57289_1649693122.jpg,5693202,{'name': 'YOMILINCON BRAND'},"{'in_stock': True, 'quantity': 20}","{'quality': {'average': 0, 'number_of_ratings': 0}}",2025-12-11 01:27:48
"Charger Adapter For 13"" MacBook Pros - 61w",Apple,115000,,,[object Object],/L/P/57289_1649772707.jpg,5692861,{'name': 'YOMILINCON BRAND'},"{'in_stock': True, 'quantity': 20}","{'quality': {'average': 0, 'number_of_ratings': 0}}",2025-12-11 01:27:48
Macbook Charger 85w,Apple,140000,,,[object Object],/F/I/57289_1649773442.jpg,5692860,{'name': 'YOMILINCON BRAND'},"{'in_stock': True, 'quantity': 20}","{'quality': {'average': 0, 'number_of_ratings': 0}}",2025-12-11 01:27:48
Mx Keys,Logitech,300000,,,[object Object],/O/U/57289_1637325218.jpg,5531664,{'name': 'YOMILINCON BRAND'},"{'in_stock': True, 'quantity': 1}","{'quality': {'average': 0, 'number_of_ratings': 0}}",2025-12-11 01:27:48
Card Reader Rdf9,Transcend,64000,,,[object Object],/S/Z/57289_1637252349.jpg,5531393,{'name': 'YOMILINCON BRAND'},"{'in_stock': True, 'quantity': 18}","{'quality': {'average': 0, 'number_of_ratings': 0}}",2025-12-11 01:27:48
Mx Master 3 Advanced Wireless Mouse,Logitech,300000,,,[object Object],/E/O/57289_1637251370.jpg,5530775,{'name': 'YOMILINCON BRAND'},"{'in_stock': True, 'quantity': 20}","{'quality': {'average': 0, 'number_of_ratings': 0}}",2025-12-11 01:27:48
Wireless Rechargable Magic Keyboard - Silver,Apple,265000,,,[object Object],/D/O/57289_1636974950.jpg,5528759,{'name': 'YOMILINCON BRAND'},"{'in_stock': True, 'quantity': 20}","{'quality': {'average': 0, 'number_of_ratings': 0}}",2025-12-11 01:27:48
Wireless Rechargable Magic Mouse  - Silver,Apple,210000,,,[object Object],/J/E/57289_1636973504.jpg,5528749,{'name': 'YOMILINCON BRAND'},"{'in_stock': True, 'quantity': 18}","{'quality': {'average': 0, 'number_of_ratings': 0}}",2025-12-11 01:27:48
60W Magsafe Power Adapter,Apple,127000,,,[object Object],/R/Y/57289_1636972886.jpg,5528748,{'name': 'YOMILINCON BRAND'},"{'in_stock': True, 'quantity': 20}","{'quality': {'average': 0, 'number_of_ratings': 0}}",2025-12-11 01:27:48
45W Magsafe 2 Power Adapter,Apple,124000,,,[object Object],/T/B/57289_1636972306.jpg,5528744,{'name': 'YOMILINCON BRAND'},"{'in_stock': True, 'quantity': 20}","{'quality': {'average': 0, 'number_of_ratings': 0}}",2025-12-11 01:27:48
Mini Display Port To Hdmi,,36200,,,[object Object],/U/W/57289_1637063766.jpg,5527693,{'name': 'YOMILINCON BRAND'},"{'in_stock': True, 'quantity': 17}","{'quality': {'average': 0, 'number_of_ratings': 0}}",2025-12-11 01:27:48
C270 Hd Webcam - Hd 720p - Widescreen Hd Video,Logitech,80000,,,[object Object],/D/B/57289_1636630808.jpg,5522604,{'name': 'YOMILINCON BRAND'},"{'in_stock': True, 'quantity': 17}","{'quality': {'average': 0, 'number_of_ratings': 0}}",2025-12-11 01:27:48
4fd Button Usb Wired Mouse,Microsoft,34400,,,[object Object],/R/A/57289_1636630255.jpg,5520794,{'name': 'YOMILINCON BRAND'},"{'in_stock': True, 'quantity': 20}","{'quality': {'average': 0, 'number_of_ratings': 0}}",2025-12-11 01:27:48
87w Usb-c Power Adapter,Apple,92000,,,[object Object],/Q/N/57289_1636454004.jpg,5517387,{'name': 'YOMILINCON BRAND'},"{'in_stock': True, 'quantity': 19}","{'quality': {'average': 0, 'number_of_ratings': 0}}",2025-12-11 01:27:48
JCO4 LAPTOP BATTERY,HP,24725,,,[object Object],/T/I/118566_1604505433.jpg,5000867,{'name': 'Konga'},"{'in_stock': True, 'quantity': 1}","{'quality': {'average': 0, 'number_of_ratings': 0}}",2025-12-16 01:28:12
Basilisk Gaming Mouse Classic Black,Razer,244000,,,[object Object],/R/U/57289_1727279653.jpg,6566278,{'name': 'YOMILINCON BRAND'},"{'in_stock': True, 'quantity': 20}","{'quality': {'average': 0, 'number_of_ratings': 0}}",2025-12-16 01:28:12
Rgb Backlit Gaming Mouse -black,Havit,19500,,,[object Object],/R/V/57289_1596627689.jpg,4851063,{'name': 'YOMILINCON BRAND'},"{'in_stock': True, 'quantity': 7}","{'quality': {'average': 4, 'number_of_ratings': 1}}",2025-12-16 01:28:12
Cheerdots 2 Mouse For Pc Laptop - Chatgpt Enabled Bluetooth Mouse With Voice Recording,,130000,,,[object Object],/R/R/57289_1764974598.jpg,6902655,{'name': 'YOMILINCON BRAND'},"{'in_stock': True, 'quantity': 20}","{'quality': {'average': 0, 'number_of_ratings': 0}}",2025-12-16 01:28:12
Baseus Ultrajoy 5w1 5-port Hub docking station - Grey,,49000,,,[object Object],/F/Z/57289_1760001914.jpg,6861874,{'name': 'YOMILINCON BRAND'},"{'in_stock': True, 'quantity': 2}","{'quality': {'average': 0, 'number_of_ratings': 0}}",2025-12-16 01:28:12
Baseus Ultrajoy Series 7-port Usb C Docking Station – 4k@60hz Hdmi- 100w Pd- 1080p Vga ,,80000,,,[object Object],/W/K/57289_1759746143.jpg,6860173,{'name': 'YOMILINCON BRAND'},"{'in_stock': True, 'quantity': 2}","{'quality': {'average': 0, 'number_of_ratings': 0}}",2025-12-16 01:28:12
Baseus Hub 8 In 1 Usb C Hub Docking Station Adapter With 4k Hdmi For Ipad Pro,,90000,,,[object Object],/F/A/57289_1759747297.jpg,6860155,{'name': 'YOMILINCON BRAND'},"{'in_stock': True, 'quantity': 2}","{'quality': {'average': 0, 'number_of_ratings': 0}}",2025-12-16 01:28:12
Microsoft Arc Mouse - Platinum,,220000,,,[object Object],/P/X/57289_1757502114.jpg,6839757,{'name': 'YOMILINCON BRAND'},"{'in_stock': True, 'quantity': 1}","{'quality': {'average': 0, 'number_of_ratings': 0}}",2025-12-16 01:28:12
Maxell Laptop Mic - Black,,13000,,,[object Object],/K/Q/57289_1757437240.jpg,6838960,{'name': 'YOMILINCON BRAND'},"{'in_stock': True, 'quantity': 1}","{'quality': {'average': 0, 'number_of_ratings': 0}}",2025-12-16 01:28:12
Apple 2024 Magic Mouse - Multi-touch Surface - Usb-c - Black,,260000,,,[object Object],/Y/B/57289_1756806101.jpg,6832811,{'name': 'YOMILINCON BRAND'},"{'in_stock': True, 'quantity': 5}","{'quality': {'average': 0, 'number_of_ratings': 0}}",2025-12-16 01:28:12
G502 X Lightspeed Wireless Gaming Mouse,Logitech,280000,,,[object Object],/G/K/57289_1755698234.jpg,6821997,{'name': 'YOMILINCON BRAND'},"{'in_stock': True, 'quantity': 5}","{'quality': {'average': 0, 'number_of_ratings': 0}}",2025-12-16 01:28:12
2024 Magic Mouse - Multi-touch Surface - Usb-c - White,,190000,,,[object Object],/C/Q/57289_1754927194.jpg,6815170,{'name': 'YOMILINCON BRAND'},"{'in_stock': True, 'quantity': 2}","{'quality': {'average': 0, 'number_of_ratings': 0}}",2025-12-16 01:28:12
Hp K200 Wired Keyboard,,29900,,,[object Object],/R/I/57289_1754131802.jpg,6807059,{'name': 'YOMILINCON BRAND'},"{'in_stock': True, 'quantity': 19}","{'quality': {'average': 0, 'number_of_ratings': 0}}",2025-12-16 01:28:12
Hp Wireless Keyboard And Mouse Combo - Cs10,,52500,,,[object Object],/A/J/57289_1754131134.jpg,6807055,{'name': 'YOMILINCON BRAND'},"{'in_stock': True, 'quantity': 20}","{'quality': {'average': 0, 'number_of_ratings': 0}}",2025-12-16 01:28:12
 Atheris Wireless Mouse,Razer,255000,,,[object Object],/B/V/57289_1753720934.jpg,6804247,{'name': 'YOMILINCON BRAND'},"{'in_stock': True, 'quantity': 20}","{'quality': {'average': 0, 'number_of_ratings': 0}}",2025-12-16 01:28:12
 Naga Pro Wireless Gaming Mouse - Black,Razer,340000,,,[object Object],/Q/U/57289_1753720648.jpg,6804244,{'name': 'YOMILINCON BRAND'},"{'in_stock': True, 'quantity': 20}","{'quality': {'average': 0, 'number_of_ratings': 0}}",2025-12-16 01:28:12
Sennheiser Pro Audio Portable Lavalier Wireless Set- Aw+ ew 512p G4,,550000,,,[object Object],/R/S/57289_1753451090.jpg,6802339,{'name': 'YOMILINCON BRAND'},"{'in_stock': True, 'quantity': 20}","{'quality': {'average': 0, 'number_of_ratings': 0}}",2025-12-16 01:28:12
Apple Magic Mouse - Wireless / Bluetooth /  Rechargeable ,Apple,245000,,,[object Object],/A/Q/57289_1753195591.jpg,6799336,{'name': 'YOMILINCON BRAND'},"{'in_stock': True, 'quantity': 20}","{'quality': {'average': 0, 'number_of_ratings': 0}}",2025-12-16 01:28:12
Porodo Gaming 2k 30fps Auto Focus Webcam With In-built Mic And Tripod,,95000,,,[object Object],/W/J/57289_1751631021.jpg,6785154,{'name': 'YOMILINCON BRAND'},"{'in_stock': True, 'quantity': 20}","{'quality': {'average': 0, 'number_of_ratings': 0}}",2025-12-16 01:28:12
Rechargeable Gaming Mouse - Black,,40000,,,[object Object],/U/Z/57289_1746887552.jpg,6742662,{'name': 'YOMILINCON BRAND'},"{'in_stock': True, 'quantity': 9}","{'quality': {'average': 0, 'number_of_ratings': 0}}",2025-12-16 01:28:12
Magic Keyboard With Touch Id- Wireless- Bluetooth- Rechargeable- Works With Mac PC,,420000,,,[object Object],/U/D/57289_1739612165.jpg,6671976,{'name': 'YOMILINCON BRAND'},"{'in_stock': True, 'quantity': 19}","{'quality': {'average': 0, 'number_of_ratings': 0}}",2025-12-16 01:28:12
Atheris Ambidextrous Wireless Mouse,Razer,254000,,,[object Object],/D/W/57289_1727278633.jpg,6566277,{'name': 'YOMILINCON BRAND'},"{'in_stock': True, 'quantity': 20}","{'quality': {'average': 0, 'number_of_ratings': 0}}",2025-12-16 01:28:12
Naga Pro Wireless Gaming Mouse - Black,Razer,339000,,,[object Object],/V/W/57289_1727278316.jpg,6566276,{'name': 'YOMILINCON BRAND'},"{'in_stock': True, 'quantity': 20}","{'quality': {'average': 0, 'number_of_ratings': 0}}",2025-12-16 01:28:12
H390 Wired Stereo Headset With Noise-cancelling Microphone,Logitech,64000,,,[object Object],/A/N/57289_1727282309.jpg,6565629,{'name': 'YOMILINCON BRAND'},"{'in_stock': True, 'quantity': 20}","{'quality': {'average': 0, 'number_of_ratings': 0}}",2025-12-16 01:28:12
Prodesk Adjustable Laptop Stand,Nillkin,60000,,,[object Object],/Q/O/57289_1671533896.jpg,6037430,{'name': 'YOMILINCON BRAND'},"{'in_stock': True, 'quantity': 14}","{'quality': {'average': 5, 'number_of_ratings': 1}}",2025-12-16 01:28:12
Ascent Stand For Laptops,Nillkin,17400,,,[object Object],/Q/M/57289_1671534398.jpg,6037417,{'name': 'YOMILINCON BRAND'},"{'in_stock': True, 'quantity': 20}","{'quality': {'average': 0, 'number_of_ratings': 0}}",2025-12-16 01:28:12
Powerology - 11 In 1 Usb-c Hub,,150000,,,[object Object],/J/J/57289_1670940117.jpg,5960973,{'name': 'YOMILINCON BRAND'},"{'in_stock': True, 'quantity': 20}","{'quality': {'average': 0, 'number_of_ratings': 0}}",2025-12-16 01:28:12
Certified Magic Mouse 2 - Space Gray,Apple,155000,,,[object Object],/P/B/57289_1649693122.jpg,5693202,{'name': 'YOMILINCON BRAND'},"{'in_stock': True, 'quantity': 20}","{'quality': {'average': 0, 'number_of_ratings': 0}}",2025-12-16 01:28:12
"Charger Adapter For 13"" MacBook Pros - 61w",Apple,115000,,,[object Object],/L/P/57289_1649772707.jpg,5692861,{'name': 'YOMILINCON BRAND'},"{'in_stock': True, 'quantity': 20}","{'quality': {'average': 0, 'number_of_ratings': 0}}",2025-12-16 01:28:12
Macbook Charger 85w,Apple,140000,,,[object Object],/F/I/57289_1649773442.jpg,5692860,{'name': 'YOMILINCON BRAND'},"{'in_stock': True, 'quantity': 20}","{'quality': {'average': 0, 'number_of_ratings': 0}}",2025-12-16 01:28:12
Mx Keys,Logitech,300000,,,[object Object],/O/U/57289_1637325218.jpg,5531664,{'name': 'YOMILINCON BRAND'},"{'in_stock': True, 'quantity': 1}","{'quality': {'average': 0, 'number_of_ratings': 0}}",2025-12-16 01:28:12
Card Reader Rdf9,Transcend,64000,,,[object Object],/S/Z/57289_1637252349.jpg,5531393,{'name': 'YOMILINCON BRAND'},"{'in_stock': True, 'quantity': 18}","{'quality': {'average': 0, 'number_of_ratings': 0}}",2025-12-16 01:28:12
Mx Master 3 Advanced Wireless Mouse,Logitech,300000,,,[object Object],/E/O/57289_1637251370.jpg,5530775,{'name': 'YOMILINCON BRAND'},"{'in_stock': True, 'quantity': 20}","{'quality': {'average': 0, 'number_of_ratings': 0}}",2025-12-16 01:28:12
Wireless Rechargable Magic Keyboard - Silver,Apple,265000,,,[object Object],/D/O/57289_1636974950.jpg,5528759,{'name': 'YOMILINCON BRAND'},"{'in_stock': True, 'quantity': 20}","{'quality': {'average': 0, 'number_of_ratings': 0}}",2025-12-16 01:28:12
Wireless Rechargable Magic Mouse  - Silver,Apple,210000,,,[object Object],/J/E/57289_1636973504.jpg,5528749,{'name': 'YOMILINCON BRAND'},"{'in_stock': True, 'quantity': 18}","{'quality': {'average': 0, 'number_of_ratings': 0}}",2025-12-16 01:28:12
60W Magsafe Power Adapter,Apple,127000,,,[object Object],/R/Y/57289_1636972886.jpg,5528748,{'name': 'YOMILINCON BRAND'},"{'in_stock': True, 'quantity': 20}","{'quality': {'average': 0, 'number_of_ratings': 0}}",2025-12-16 01:28:12
45W Magsafe 2 Power Adapter,Apple,124000,,,[object Object],/T/B/57289_1636972306.jpg,5528744,{'name': 'YOMILINCON BRAND'},"{'in_stock': True, 'quantity': 20}","{'quality': {'average': 0, 'number_of_ratings': 0}}",2025-12-16 01:28:12
Mini Display Port To Hdmi,,36200,,,[object Object],/U/W/57289_1637063766.jpg,5527693,{'name': 'YOMILINCON BRAND'},"{'in_stock': True, 'quantity': 17}","{'quality': {'average': 0, 'number_of_ratings': 0}}",2025-12-16 01:28:12
C270 Hd Webcam - Hd 720p - Widescreen Hd Video,Logitech,80000,,,[object Object],/D/B/57289_1636630808.jpg,5522604,{'name': 'YOMILINCON BRAND'},"{'in_stock': True, 'quantity': 17}","{'quality': {'average': 0, 'number_of_ratings': 0}}",2025-12-16 01:28:12
4fd Button Usb Wired Mouse,Microsoft,34400,,,[object Object],/R/A/57289_1636630255.jpg,5520794,{'name': 'YOMILINCON BRAND'},"{'in_stock': True, 'quantity': 20}","{'quality': {'average': 0, 'number_of_ratings': 0}}",2025-12-16 01:28:12
JCO4 LAPTOP BATTERY,HP,24725,,,[object Object],/T/I/118566_1604505433.jpg,5000867,{'name': 'Konga'},"{'in_stock': True, 'quantity': 1}","{'quality': {'average': 0, 'number_of_ratings': 0}}",2025-12-21 01:41:53
Basilisk Gaming Mouse Classic Black,Razer,244000,,,[object Object],/R/U/57289_1727279653.jpg,6566278,{'name': 'YOMILINCON BRAND'},"{'in_stock': True, 'quantity': 20}","{'quality': {'average': 0, 'number_of_ratings': 0}}",2025-12-21 01:41:53
Flexible Usb External Keyboard And Optical Wired Mouse -Black,Havit,10000,,,[object Object],/B/F/57289_1595670517.jpg,4835380,{'name': 'YOMILINCON BRAND'},"{'in_stock': True, 'quantity': 18}","{'quality': {'average': 0, 'number_of_ratings': 0}}",2025-12-21 01:41:53
Rgb Backlit Gaming Mouse -black,Havit,19500,,,[object Object],/R/V/57289_1596627689.jpg,4851063,{'name': 'YOMILINCON BRAND'},"{'in_stock': True, 'quantity': 7}","{'quality': {'average': 4, 'number_of_ratings': 1}}",2025-12-21 01:41:53
Hyper Type Wired Mechanical Keyboard - Black,Oraimo,56000,,,[object Object],/J/J/57289_1765966333.jpg,6907909,{'name': 'YOMILINCON BRAND'},"{'in_stock': True, 'quantity': 20}","{'quality': {'average': 0, 'number_of_ratings': 0}}",2025-12-21 01:41:53
Cheerdots 2 Mouse For Pc Laptop - Chatgpt Enabled Bluetooth Mouse With Voice Recording,,130000,,,[object Object],/R/R/57289_1764974598.jpg,6902655,{'name': 'YOMILINCON BRAND'},"{'in_stock': True, 'quantity': 20}","{'quality': {'average': 0, 'number_of_ratings': 0}}",2025-12-21 01:41:53
Baseus Ultrajoy 5w1 5-port Hub docking station - Grey,,49000,,,[object Object],/F/Z/57289_1760001914.jpg,6861874,{'name': 'YOMILINCON BRAND'},"{'in_stock': True, 'quantity': 2}","{'quality': {'average': 0, 'number_of_ratings': 0}}",2025-12-21 01:41:53
Baseus Ultrajoy Series 7-port Usb C Docking Station – 4k@60hz Hdmi- 100w Pd- 1080p Vga ,,80000,,,[object Object],/W/K/57289_1759746143.jpg,6860173,{'name': 'YOMILINCON BRAND'},"{'in_stock': True, 'quantity': 2}","{'quality': {'average': 0, 'number_of_ratings': 0}}",2025-12-21 01:41:53
Baseus Hub 8 In 1 Usb C Hub Docking Station Adapter With 4k Hdmi For Ipad Pro,,90000,,,[object Object],/F/A/57289_1759747297.jpg,6860155,{'name': 'YOMILINCON BRAND'},"{'in_stock': True, 'quantity': 2}","{'quality': {'average': 0, 'number_of_ratings': 0}}",2025-12-21 01:41:53
Microsoft Arc Mouse - Platinum,,220000,,,[object Object],/P/X/57289_1757502114.jpg,6839757,{'name': 'YOMILINCON BRAND'},"{'in_stock': True, 'quantity': 1}","{'quality': {'average': 0, 'number_of_ratings': 0}}",2025-12-21 01:41:53
Maxell Laptop Mic - Black,,13000,,,[object Object],/K/Q/57289_1757437240.jpg,6838960,{'name': 'YOMILINCON BRAND'},"{'in_stock': True, 'quantity': 1}","{'quality': {'average': 0, 'number_of_ratings': 0}}",2025-12-21 01:41:53
Apple 2024 Magic Mouse - Multi-touch Surface - Usb-c - Black,,260000,,,[object Object],/Y/B/57289_1756806101.jpg,6832811,{'name': 'YOMILINCON BRAND'},"{'in_stock': True, 'quantity': 5}","{'quality': {'average': 0, 'number_of_ratings': 0}}",2025-12-21 01:41:53
G502 X Lightspeed Wireless Gaming Mouse,Logitech,280000,,,[object Object],/G/K/57289_1755698234.jpg,6821997,{'name': 'YOMILINCON BRAND'},"{'in_stock': True, 'quantity': 5}","{'quality': {'average': 0, 'number_of_ratings': 0}}",2025-12-21 01:41:53
2024 Magic Mouse - Multi-touch Surface - Usb-c - White,,190000,,,[object Object],/C/Q/57289_1754927194.jpg,6815170,{'name': 'YOMILINCON BRAND'},"{'in_stock': True, 'quantity': 2}","{'quality': {'average': 0, 'number_of_ratings': 0}}",2025-12-21 01:41:53
Hp K200 Wired Keyboard,,29900,,,[object Object],/R/I/57289_1754131802.jpg,6807059,{'name': 'YOMILINCON BRAND'},"{'in_stock': True, 'quantity': 19}","{'quality': {'average': 0, 'number_of_ratings': 0}}",2025-12-21 01:41:53
Hp Wireless Keyboard And Mouse Combo - Cs10,,52500,,,[object Object],/A/J/57289_1754131134.jpg,6807055,{'name': 'YOMILINCON BRAND'},"{'in_stock': True, 'quantity': 20}","{'quality': {'average': 0, 'number_of_ratings': 0}}",2025-12-21 01:41:53
 Atheris Wireless Mouse,Razer,255000,,,[object Object],/B/V/57289_1753720934.jpg,6804247,{'name': 'YOMILINCON BRAND'},"{'in_stock': True, 'quantity': 20}","{'quality': {'average': 0, 'number_of_ratings': 0}}",2025-12-21 01:41:53
 Naga Pro Wireless Gaming Mouse - Black,Razer,340000,,,[object Object],/Q/U/57289_1753720648.jpg,6804244,{'name': 'YOMILINCON BRAND'},"{'in_stock': True, 'quantity': 20}","{'quality': {'average': 0, 'number_of_ratings': 0}}",2025-12-21 01:41:53
Sennheiser Pro Audio Portable Lavalier Wireless Set- Aw+ ew 512p G4,,550000,,,[object Object],/R/S/57289_1753451090.jpg,6802339,{'name': 'YOMILINCON BRAND'},"{'in_stock': True, 'quantity': 20}","{'quality': {'average': 0, 'number_of_ratings': 0}}",2025-12-21 01:41:53
Apple Magic Mouse - Wireless / Bluetooth /  Rechargeable ,Apple,245000,,,[object Object],/A/Q/57289_1753195591.jpg,6799336,{'name': 'YOMILINCON BRAND'},"{'in_stock': True, 'quantity': 20}","{'quality': {'average': 0, 'number_of_ratings': 0}}",2025-12-21 01:41:53
Porodo Gaming 2k 30fps Auto Focus Webcam With In-built Mic And Tripod,,95000,,,[object Object],/W/J/57289_1751631021.jpg,6785154,{'name': 'YOMILINCON BRAND'},"{'in_stock': True, 'quantity': 20}","{'quality': {'average': 0, 'number_of_ratings': 0}}",2025-12-21 01:41:53
Rechargeable Gaming Mouse - Black,,40000,,,[object Object],/U/Z/57289_1746887552.jpg,6742662,{'name': 'YOMILINCON BRAND'},"{'in_stock': True, 'quantity': 9}","{'quality': {'average': 0, 'number_of_ratings': 0}}",2025-12-21 01:41:53
Magic Keyboard With Touch Id- Wireless- Bluetooth- Rechargeable- Works With Mac PC,,420000,,,[object Object],/U/D/57289_1739612165.jpg,6671976,{'name': 'YOMILINCON BRAND'},"{'in_stock': True, 'quantity': 19}","{'quality': {'average': 0, 'number_of_ratings': 0}}",2025-12-21 01:41:53
Atheris Ambidextrous Wireless Mouse,Razer,254000,,,[object Object],/D/W/57289_1727278633.jpg,6566277,{'name': 'YOMILINCON BRAND'},"{'in_stock': True, 'quantity': 20}","{'quality': {'average': 0, 'number_of_ratings': 0}}",2025-12-21 01:41:53
Naga Pro Wireless Gaming Mouse - Black,Razer,339000,,,[object Object],/V/W/57289_1727278316.jpg,6566276,{'name': 'YOMILINCON BRAND'},"{'in_stock': True, 'quantity': 20}","{'quality': {'average': 0, 'number_of_ratings': 0}}",2025-12-21 01:41:53
H390 Wired Stereo Headset With Noise-cancelling Microphone,Logitech,64000,,,[object Object],/A/N/57289_1727282309.jpg,6565629,{'name': 'YOMILINCON BRAND'},"{'in_stock': True, 'quantity': 20}","{'quality': {'average': 0, 'number_of_ratings': 0}}",2025-12-21 01:41:53
Prodesk Adjustable Laptop Stand,Nillkin,60000,,,[object Object],/Q/O/57289_1671533896.jpg,6037430,{'name': 'YOMILINCON BRAND'},"{'in_stock': True, 'quantity': 14}","{'quality': {'average': 5, 'number_of_ratings': 1}}",2025-12-21 01:41:53
Ascent Stand For Laptops,Nillkin,17400,,,[object Object],/Q/M/57289_1671534398.jpg,6037417,{'name': 'YOMILINCON BRAND'},"{'in_stock': True, 'quantity': 20}","{'quality': {'average': 0, 'number_of_ratings': 0}}",2025-12-21 01:41:53
Powerology - 11 In 1 Usb-c Hub,,150000,,,[object Object],/J/J/57289_1670940117.jpg,5960973,{'name': 'YOMILINCON BRAND'},"{'in_stock': True, 'quantity': 20}","{'quality': {'average': 0, 'number_of_ratings': 0}}",2025-12-21 01:41:53
Certified Magic Mouse 2 - Space Gray,Apple,155000,,,[object Object],/P/B/57289_1649693122.jpg,5693202,{'name': 'YOMILINCON BRAND'},"{'in_stock': True, 'quantity': 20}","{'quality': {'average': 0, 'number_of_ratings': 0}}",2025-12-21 01:41:53
"Charger Adapter For 13"" MacBook Pros - 61w",Apple,115000,,,[object Object],/L/P/57289_1649772707.jpg,5692861,{'name': 'YOMILINCON BRAND'},"{'in_stock': True, 'quantity': 20}","{'quality': {'average': 0, 'number_of_ratings': 0}}",2025-12-21 01:41:53
Macbook Charger 85w,Apple,140000,,,[object Object],/F/I/57289_1649773442.jpg,5692860,{'name': 'YOMILINCON BRAND'},"{'in_stock': True, 'quantity': 20}","{'quality': {'average': 0, 'number_of_ratings': 0}}",2025-12-21 01:41:53
Mx Keys,Logitech,300000,,,[object Object],/O/U/57289_1637325218.jpg,5531664,{'name': 'YOMILINCON BRAND'},"{'in_stock': True, 'quantity': 1}","{'quality': {'average': 0, 'number_of_ratings': 0}}",2025-12-21 01:41:53
Card Reader Rdf9,Transcend,64000,,,[object Object],/S/Z/57289_1637252349.jpg,5531393,{'name': 'YOMILINCON BRAND'},"{'in_stock': True, 'quantity': 18}","{'quality': {'average': 0, 'number_of_ratings': 0}}",2025-12-21 01:41:53
Mx Master 3 Advanced Wireless Mouse,Logitech,300000,,,[object Object],/E/O/57289_1637251370.jpg,5530775,{'name': 'YOMILINCON BRAND'},"{'in_stock': True, 'quantity': 20}","{'quality': {'average': 0, 'number_of_ratings': 0}}",2025-12-21 01:41:53
Wireless Rechargable Magic Keyboard - Silver,Apple,265000,,,[object Object],/D/O/57289_1636974950.jpg,5528759,{'name': 'YOMILINCON BRAND'},"{'in_stock': True, 'quantity': 20}","{'quality': {'average': 0, 'number_of_ratings': 0}}",2025-12-21 01:41:53
Wireless Rechargable Magic Mouse  - Silver,Apple,210000,,,[object Object],/J/E/57289_1636973504.jpg,5528749,{'name': 'YOMILINCON BRAND'},"{'in_stock': True, 'quantity': 18}","{'quality': {'average': 0, 'number_of_ratings': 0}}",2025-12-21 01:41:53
60W Magsafe Power Adapter,Apple,127000,,,[object Object],/R/Y/57289_1636972886.jpg,5528748,{'name': 'YOMILINCON BRAND'},"{'in_stock': True, 'quantity': 20}","{'quality': {'average': 0, 'number_of_ratings': 0}}",2025-12-21 01:41:53
45W Magsafe 2 Power Adapter,Apple,124000,,,[object Object],/T/B/57289_1636972306.jpg,5528744,{'name': 'YOMILINCON BRAND'},"{'in_stock': True, 'quantity': 20}","{'quality': {'average': 0, 'number_of_ratings': 0}}",2025-12-21 01:41:53
Mini Display Port To Hdmi,,36200,,,[object Object],/U/W/57289_1637063766.jpg,5527693,{'name': 'YOMILINCON BRAND'},"{'in_stock': True, 'quantity': 17}","{'quality': {'average': 0, 'number_of_ratings': 0}}",2025-12-21 01:41:53
JCO4 LAPTOP BATTERY,HP,24725,,,[object Object],/T/I/118566_1604505433.jpg,5000867,{'name': 'Konga'},"{'in_stock': True, 'quantity': 1}","{'quality': {'average': 0, 'number_of_ratings': 0}}",2025-12-26 01:27:46
Basilisk Gaming Mouse Classic Black,Razer,244000,,,[object Object],/R/U/57289_1727279653.jpg,6566278,{'name': 'YOMILINCON BRAND'},"{'in_stock': True, 'quantity': 20}","{'quality': {'average': 0, 'number_of_ratings': 0}}",2025-12-26 01:27:46
Flexible Usb External Keyboard And Optical Wired Mouse -Black,Havit,10000,,,[object Object],/B/F/57289_1595670517.jpg,4835380,{'name': 'YOMILINCON BRAND'},"{'in_stock': True, 'quantity': 16}","{'quality': {'average': 0, 'number_of_ratings': 0}}",2025-12-26 01:27:46
Rgb Backlit Gaming Mouse -black,Havit,19500,,,[object Object],/R/V/57289_1596627689.jpg,4851063,{'name': 'YOMILINCON BRAND'},"{'in_stock': True, 'quantity': 7}","{'quality': {'average': 4, 'number_of_ratings': 1}}",2025-12-26 01:27:46
Hyper Type Wired Mechanical Keyboard - Black,Oraimo,56000,,,[object Object],/J/J/57289_1765966333.jpg,6907909,{'name': 'YOMILINCON BRAND'},"{'in_stock': True, 'quantity': 20}","{'quality': {'average': 0, 'number_of_ratings': 0}}",2025-12-26 01:27:46
Cheerdots 2 Mouse For Pc Laptop - Chatgpt Enabled Bluetooth Mouse With Voice Recording,,130000,,,[object Object],/R/R/57289_1764974598.jpg,6902655,{'name': 'YOMILINCON BRAND'},"{'in_stock': True, 'quantity': 20}","{'quality': {'average': 0, 'number_of_ratings': 0}}",2025-12-26 01:27:46
Baseus Ultrajoy 5w1 5-port Hub docking station - Grey,,49000,,,[object Object],/F/Z/57289_1760001914.jpg,6861874,{'name': 'YOMILINCON BRAND'},"{'in_stock': True, 'quantity': 2}","{'quality': {'average': 0, 'number_of_ratings': 0}}",2025-12-26 01:27:46
Baseus Ultrajoy Series 7-port Usb C Docking Station – 4k@60hz Hdmi- 100w Pd- 1080p Vga ,,80000,,,[object Object],/W/K/57289_1759746143.jpg,6860173,{'name': 'YOMILINCON BRAND'},"{'in_stock': True, 'quantity': 2}","{'quality': {'average': 0, 'number_of_ratings': 0}}",2025-12-26 01:27:46
Baseus Hub 8 In 1 Usb C Hub Docking Station Adapter With 4k Hdmi For Ipad Pro,,90000,,,[object Object],/F/A/57289_1759747297.jpg,6860155,{'name': 'YOMILINCON BRAND'},"{'in_stock': True, 'quantity': 2}","{'quality': {'average': 0, 'number_of_ratings': 0}}",2025-12-26 01:27:46
Microsoft Arc Mouse - Platinum,,220000,,,[object Object],/P/X/57289_1757502114.jpg,6839757,{'name': 'YOMILINCON BRAND'},"{'in_stock': True, 'quantity': 1}","{'quality': {'average': 0, 'number_of_ratings': 0}}",2025-12-26 01:27:46
Maxell Laptop Mic - Black,,13000,,,[object Object],/K/Q/57289_1757437240.jpg,6838960,{'name': 'YOMILINCON BRAND'},"{'in_stock': True, 'quantity': 1}","{'quality': {'average': 0, 'number_of_ratings': 0}}",2025-12-26 01:27:46
Apple 2024 Magic Mouse - Multi-touch Surface - Usb-c - Black,,260000,,,[object Object],/Y/B/57289_1756806101.jpg,6832811,{'name': 'YOMILINCON BRAND'},"{'in_stock': True, 'quantity': 5}","{'quality': {'average': 0, 'number_of_ratings': 0}}",2025-12-26 01:27:46
G502 X Lightspeed Wireless Gaming Mouse,Logitech,280000,,,[object Object],/G/K/57289_1755698234.jpg,6821997,{'name': 'YOMILINCON BRAND'},"{'in_stock': True, 'quantity': 5}","{'quality': {'average': 0, 'number_of_ratings': 0}}",2025-12-26 01:27:46
2024 Magic Mouse - Multi-touch Surface - Usb-c - White,,190000,,,[object Object],/C/Q/57289_1754927194.jpg,6815170,{'name': 'YOMILINCON BRAND'},"{'in_stock': True, 'quantity': 2}","{'quality': {'average': 0, 'number_of_ratings': 0}}",2025-12-26 01:27:46
Hp K200 Wired Keyboard,,29900,,,[object Object],/R/I/57289_1754131802.jpg,6807059,{'name': 'YOMILINCON BRAND'},"{'in_stock': True, 'quantity': 19}","{'quality': {'average': 0, 'number_of_ratings': 0}}",2025-12-26 01:27:46
Hp Wireless Keyboard And Mouse Combo - Cs10,,52500,,,[object Object],/A/J/57289_1754131134.jpg,6807055,{'name': 'YOMILINCON BRAND'},"{'in_stock': True, 'quantity': 20}","{'quality': {'average': 0, 'number_of_ratings': 0}}",2025-12-26 01:27:46
 Atheris Wireless Mouse,Razer,255000,,,[object Object],/B/V/57289_1753720934.jpg,6804247,{'name': 'YOMILINCON BRAND'},"{'in_stock': True, 'quantity': 20}","{'quality': {'average': 0, 'number_of_ratings': 0}}",2025-12-26 01:27:46
 Naga Pro Wireless Gaming Mouse - Black,Razer,340000,,,[object Object],/Q/U/57289_1753720648.jpg,6804244,{'name': 'YOMILINCON BRAND'},"{'in_stock': True, 'quantity': 20}","{'quality': {'average': 0, 'number_of_ratings': 0}}",2025-12-26 01:27:46
Sennheiser Pro Audio Portable Lavalier Wireless Set- Aw+ ew 512p G4,,550000,,,[object Object],/R/S/57289_1753451090.jpg,6802339,{'name': 'YOMILINCON BRAND'},"{'in_stock': True, 'quantity': 20}","{'quality': {'average': 0, 'number_of_ratings': 0}}",2025-12-26 01:27:46
Apple Magic Mouse - Wireless / Bluetooth /  Rechargeable ,Apple,245000,,,[object Object],/A/Q/57289_1753195591.jpg,6799336,{'name': 'YOMILINCON BRAND'},"{'in_stock': True, 'quantity': 20}","{'quality': {'average': 0, 'number_of_ratings': 0}}",2025-12-26 01:27:46
Porodo Gaming 2k 30fps Auto Focus Webcam With In-built Mic And Tripod,,95000,,,[object Object],/W/J/57289_1751631021.jpg,6785154,{'name': 'YOMILINCON BRAND'},"{'in_stock': True, 'quantity': 20}","{'quality': {'average': 0, 'number_of_ratings': 0}}",2025-12-26 01:27:46
Rechargeable Gaming Mouse - Black,,40000,,,[object Object],/U/Z/57289_1746887552.jpg,6742662,{'name': 'YOMILINCON BRAND'},"{'in_stock': True, 'quantity': 9}","{'quality': {'average': 0, 'number_of_ratings': 0}}",2025-12-26 01:27:46
Magic Keyboard With Touch Id- Wireless- Bluetooth- Rechargeable- Works With Mac PC,,420000,,,[object Object],/U/D/57289_1739612165.jpg,6671976,{'name': 'YOMILINCON BRAND'},"{'in_stock': True, 'quantity': 19}","{'quality': {'average': 0, 'number_of_ratings': 0}}",2025-12-26 01:27:46
Atheris Ambidextrous Wireless Mouse,Razer,254000,,,[object Object],/D/W/57289_1727278633.jpg,6566277,{'name': 'YOMILINCON BRAND'},"{'in_stock': True, 'quantity': 20}","{'quality': {'average': 0, 'number_of_ratings': 0}}",2025-12-26 01:27:46
Naga Pro Wireless Gaming Mouse - Black,Razer,339000,,,[object Object],/V/W/57289_1727278316.jpg,6566276,{'name': 'YOMILINCON BRAND'},"{'in_stock': True, 'quantity': 20}","{'quality': {'average': 0, 'number_of_ratings': 0}}",2025-12-26 01:27:46
H390 Wired Stereo Headset With Noise-cancelling Microphone,Logitech,64000,,,[object Object],/A/N/57289_1727282309.jpg,6565629,{'name': 'YOMILINCON BRAND'},"{'in_stock': True, 'quantity': 20}","{'quality': {'average': 0, 'number_of_ratings': 0}}",2025-12-26 01:27:46
Prodesk Adjustable Laptop Stand,Nillkin,60000,,,[object Object],/Q/O/57289_1671533896.jpg,6037430,{'name': 'YOMILINCON BRAND'},"{'in_stock': True, 'quantity': 14}","{'quality': {'average': 5, 'number_of_ratings': 1}}",2025-12-26 01:27:46
Ascent Stand For Laptops,Nillkin,17400,,,[object Object],/Q/M/57289_1671534398.jpg,6037417,{'name': 'YOMILINCON BRAND'},"{'in_stock': True, 'quantity': 20}","{'quality': {'average': 0, 'number_of_ratings': 0}}",2025-12-26 01:27:46
Powerology - 11 In 1 Usb-c Hub,,150000,,,[object Object],/J/J/57289_1670940117.jpg,5960973,{'name': 'YOMILINCON BRAND'},"{'in_stock': True, 'quantity': 20}","{'quality': {'average': 0, 'number_of_ratings': 0}}",2025-12-26 01:27:46
Certified Magic Mouse 2 - Space Gray,Apple,155000,,,[object Object],/P/B/57289_1649693122.jpg,5693202,{'name': 'YOMILINCON BRAND'},"{'in_stock': True, 'quantity': 20}","{'quality': {'average': 0, 'number_of_ratings': 0}}",2025-12-26 01:27:46
"Charger Adapter For 13"" MacBook Pros - 61w",Apple,115000,,,[object Object],/L/P/57289_1649772707.jpg,5692861,{'name': 'YOMILINCON BRAND'},"{'in_stock': True, 'quantity': 20}","{'quality': {'average': 0, 'number_of_ratings': 0}}",2025-12-26 01:27:46
Macbook Charger 85w,Apple,140000,,,[object Object],/F/I/57289_1649773442.jpg,5692860,{'name': 'YOMILINCON BRAND'},"{'in_stock': True, 'quantity': 20}","{'quality': {'average': 0, 'number_of_ratings': 0}}",2025-12-26 01:27:46
Mx Keys,Logitech,300000,,,[object Object],/O/U/57289_1637325218.jpg,5531664,{'name': 'YOMILINCON BRAND'},"{'in_stock': True, 'quantity': 1}","{'quality': {'average': 0, 'number_of_ratings': 0}}",2025-12-26 01:27:46
Card Reader Rdf9,Transcend,64000,,,[object Object],/S/Z/57289_1637252349.jpg,5531393,{'name': 'YOMILINCON BRAND'},"{'in_stock': True, 'quantity': 18}","{'quality': {'average': 0, 'number_of_ratings': 0}}",2025-12-26 01:27:46
Mx Master 3 Advanced Wireless Mouse,Logitech,300000,,,[object Object],/E/O/57289_1637251370.jpg,5530775,{'name': 'YOMILINCON BRAND'},"{'in_stock': True, 'quantity': 20}","{'quality': {'average': 0, 'number_of_ratings': 0}}",2025-12-26 01:27:46
Wireless Rechargable Magic Keyboard - Silver,Apple,265000,,,[object Object],/D/O/57289_1636974950.jpg,5528759,{'name': 'YOMILINCON BRAND'},"{'in_stock': True, 'quantity': 20}","{'quality': {'average': 0, 'number_of_ratings': 0}}",2025-12-26 01:27:46
Wireless Rechargable Magic Mouse  - Silver,Apple,210000,,,[object Object],/J/E/57289_1636973504.jpg,5528749,{'name': 'YOMILINCON BRAND'},"{'in_stock': True, 'quantity': 18}","{'quality': {'average': 0, 'number_of_ratings': 0}}",2025-12-26 01:27:46
60W Magsafe Power Adapter,Apple,127000,,,[object Object],/R/Y/57289_1636972886.jpg,5528748,{'name': 'YOMILINCON BRAND'},"{'in_stock': True, 'quantity': 20}","{'quality': {'average': 0, 'number_of_ratings': 0}}",2025-12-26 01:27:46
45W Magsafe 2 Power Adapter,Apple,124000,,,[object Object],/T/B/57289_1636972306.jpg,5528744,{'name': 'YOMILINCON BRAND'},"{'in_stock': True, 'quantity': 20}","{'quality': {'average': 0, 'number_of_ratings': 0}}",2025-12-26 01:27:46
Mini Display Port To Hdmi,,36200,,,[object Object],/U/W/57289_1637063766.jpg,5527693,{'name': 'YOMILINCON BRAND'},"{'in_stock': True, 'quantity': 17}","{'quality': {'average': 0, 'number_of_ratings': 0}}",2025-12-26 01:27:46
